,cate,course_code,entity_di,title
0,"[u'jBPM', u'BPMN', u'BPMS']",jbpmpd,3,jBPM for Process Designers
1,"[u'Android', u'Mobile Programming', u'iOS', u'Cross Platform Development', u'Mobile Development']",mobdevdm,4,Mobile Development - An Overview for Decision Makers
2,"[u'Statistics', u'R']",rdataana,6,R for Data Analysis and Research 
3,"[u'XQuery', u'eXist-db']",existdb,8,eXist-db Development and Performance
4,"[u'XQuery', u'eXist-db']",existdbint,9,eXist-db Introduction
5,[u'Java'],javafun,240,Java Fundamentals
6,"[u'VBA', u'Excel VBA', u'Excel']",excelvbai,241,Excel VBA Introduction
7,[u'MySQL'],mysqladm,242,MySQL Database Administration
8,"[u'SQL', u'Oracle', u'MySQL']",sqlfun,243,SQL Fundamentals
9,"[u'Strategic Management', u'Strategic Planning']",strapra,244,Strategic Planning in Practice
10,"[u'Test Automation', u'Automation Testing', u'JMeter']",jmeterfun,245,JMeter Fundamentals
11,[u'Drupal'],drpal8views,246,Drupal 8 Views Module
12,[u'PHP'],phpdev,247,Developing Websites with PHP
13,[u'Drupal'],drupal7dev,248,Drupal 7 for Developers
14,"[u'MBSE', u'Software Design', u'UML', u'Business Analysis']",umlad,249,UML Analysis and Design
15,[u'CSS'],ccsint,251,Introduction to CSS
16,"[u'SVN', u'Subversion']",svnusr,252,Subversion for Users
17,[u'Drupal'],drupalsn,253,Building Social Networking Application in Drupal
18,"[u'Performance', u'PHP']",phpopt,254,PHP Web Sites Optimization
19,"[u'SQL', u'MySQL']",sqlmysqladv,256,SQL Advanced in MySQL
20,[u'JMeter'],jmeteradv,257,JMeter Advanced
21,"[u'Test Automation', u'Automation Testing', u'JMeter']",jmeterwebapp,258,Web Application Performance Testing with JMeter
22,[u'Drupal'],drupal8dev,259,Drupal 8 for Developers
23,"[u'Design Patterns', u'Software Design', u'UML', u'Business Analysis']",designpat,261,Design Patterns
24,[u'Web Services'],wssoapwsdl,262,WebServices with SOAP and WSDL Basics
25,"[u'SOA', u'Technologies Overview']",soaarchmgr,263,SOA for Architects and Managers Overview
26,"[u'BPM', u'BPMS', u'Technologies Overview']",bpmana,264,BPM for Managers and Analysts Overview
27,"[u'OCRES', u'OCSMP', u'OCUP', u'OMG', u'Software Design', u'UML']",ocup-2-f100,265,OCUP2 UML 2.5 Certification - Foundation Exam Preparation
28,"[u'OCUP', u'OMG', u'Software Design', u'UML']",uml2itmprep,266,OCUP2 UML 2.5 Certification - Intermediate Exam Preparation
29,"[u'OCUP', u'Software Design', u'UML']",uml2advprep,267,UML 2.0 Certification - Advanced Exam Preparation
30,"[u'Statistics', u'Excel']",excelafd,268,Analysing Financial Data in Excel
31,"[u'Statistics', u'Excel']",excelstatsda,269,Excel For Statistical Data Analysis
32,"[u'Investment', u'Financial Markets']",stockexin,270,Stock Exchange and Investment
33,[u'HTML'],html,271,HTML
34,[u'SOA'],soabusi,272,SOA: the Business View
35,"[u'Jboss Rules', u'Business Rules', u'JBoss', u'Drools', u'Technologies Overview']",brmsdrools,273,Business Rule Management (BRMS) with Drools
36,[u'SOA'],soad,274,Service Oriented Analysis and Design
37,"[u'SVN', u'Subversion']",subvadmin,275,Subversion for Administrators
38,"[u'BPM', u'BPMN', u'BPMS', u'Business Analysis', u'MBSE', u'Technologies Overview', u'UML']",bpaumlbpmn,277,Business Process Analysis with UML and BPMN
39,"[u'Scrum', u'Agile', u'Technologies Overview', u'Project Management']",agilescrum,278,Agile Project Management with Scrum
40,"[u'JavaScript', u'Ajax']",jsajax,279,Javascript And Ajax
41,"[u'SOA', u'EDA']",soa2eda,280,SOA 2.0 and EDA
42,"[u'SOA', u'BPMN']",soabpmn,281,Enabling SOA with BPM and BPMN
43,"[u'BPMN', u'BPM', u'OMG', u'OCEB']",oceb2f100,282,OCEB2 OMG Certified Expert in BPM - Fundamental Exam Preparation
44,"[u'Apache', u'Web Server']",apacheadmin,283,Apache Web Server Administration
45,[u'Python'],pythonprog,284,Python Programming
46,[u'Drupal'],drupal8admin,285,Administering a Drupal 8 Website
47,[u'Drupal'],drupal8webapp,286,"Building Web Applications with Drupal 8, Views, Fields and Panels"
48,[u'Linux'],kshprog,287,Korn Shell Programming
49,"[u'Statistics', u'Strategic Management', u'Forex', u'Forecasting', u'R']",mrkfct,288,Market Forecasting
50,[u'Drupal'],ecomdrupal,289,Building E-commerce Applications with Ubercart in Drupal
51,"[u'Perl', u'Programming']",perl,291,Perl Programming
52,[u'Drupal'],drupal7themes,292,Drupal 7 Themes
53,[u'Gimp'],gimpfun,293,Gimp Fundamentals
54,[u'Gimp'],gimpintro,294,Introduction to Gimp
55,"[u'Java', u'Programming']",javaeejboss,295,Enterprise Java Programming with Java EE and JBoss (EJB 3.0)
56,[u'Java'],javaph,296,Java Persistence with Hibernate
57,"[u'Human Resources', u'Professional Development', u'Assertiveness']",297,297,Assertiveness
58,"[u'Linux', u'Ubuntu']",ubtdt,300,Ubuntu Desktop
59,"[u'Linux', u'Technologies Overview', u'Ubuntu']",ubtsvr,301,Ubuntu Server Overview
60,"[u'Performance', u'Java']",javaperf,302,Java Performance 
61,"[u'JavaScript', u'Ajax', u'jQuery']",jquery,303,jQuery
62,[u'Drupal'],drupal8themes,304,Drupal 8 Themes
63,"[u'Advertising', u'Marketing']",adintro,306,Introduction to Advertising
64,"[u'Apache', u'Tomcat']",apachetomcat,308,Apache Tomcat Administration
65,[u'Statistics'],stats1,309,Statistics Level 1
66,[u'Statistics'],stats2,310,Statistics Level 2
67,"[u'LPI', u'Linux']",lpic1-101,311,Linux LPI LPIC-1 Exam 101 Preparation
68,"[u'LPI', u'Linux']",lpic2-201,312,Linux LPI LPIC-2 Exam 201 Preparation
69,[u'Assertiveness'],313,313,Springboard Women Development Programme
70,"[u'Investment', u'Forex']",forexcurmkt,314,Foreign Exchange and the Currency Markets for Business
71,[u'Business Analysis'],babokiiba,315,"Business Analysis, BABOK V3.0 and IIBA Certification Preparation"
72,[u'Business Analysis'],busiana,316,Business Analysis
73,"[u'Statistics', u'Six Sigma']",sixsigmayb,317,Six Sigma Yellow Belt
74,[u'Statistics'],mtstatda,318,Minitab for Statistical Data Analysis
75,[u'Assertiveness'],320,320,Proactive People Management
76,[u'Java'],struts2,321,Struts 2 Framework
77,"[u'JavaScript', u'Adobe']",as3,322,ActionScript 3.0 Programming
78,"[u'LPI', u'Linux']",lpic1-102,323,Linux LPI LPIC-1 Exam 102 Preparation
79,"[u'LPI', u'Linux']",lpic2-202,324,Linux LPI LPIC-2 Exam 202 Preparation
80,"[u'Scrum', u'Agile', u'Project Management', u'Technologies Overview']",scrummanexec,325,Scrum for Managers and Executives
81,"[u'Scrum', u'Agile', u'Project Management']",scrumpdtown,326,Scrum Product Owner
82,"[u'ProcessMaker', u'BPM', u'BPMN', u'BPMS']",manbppm,327,Managing Business Processes with ProcessMaker
83,[u'Microsoft .NET'],posh,328,PowerShell Master Class
84,[u'LMS'],lms,331,LMS (Learning Management System) Overview
85,"[u'HTML', u'Drupal']",drupalseo,332,Drupal SEO
86,[u'XML'],appxmlxsdxsl,333,"Building Applications with XML, XSD and XSL"
87,[u'BPM'],bpelsvc,334,Orchestrating services with BPEL
88,"[u'BPM', u'BPMN', u'OCEB']",oceb2b200,335,OCEB2 OMG Certified Expert in BPM  - Business Intermediate Exam Preparation
89,"[u'BPM', u'BPMN', u'OCEB']",ocebb300,336,OCEB Certified Expert in BPM - Business Advanced Exam Preparation
90,"[u'Business Plan', u'Business Motivation Model', u'Strategic Management', u'Strategic Planning', u'Business Analysis']",bplanbmm,337,Business Plan building with Business Motivation Model
91,"[u'Brand Management', u'Marketing']",b2bbrandman,338,B2B Brand Management
92,"[u'Web Development', u'Drupal']",drupal7adm1,339,Administering a Drupal 7 Website
93,[u'SQL'],advsqlpt,340,"Advanced SQL, Stored Procedures and Triggers for Microsoft SQL Server"
94,"[u'BPMN', u'OCEB']",oceb2t200,341,OCEB Certified Expert in BPM - Technical Intermediate Exam Preparation
95,"[u'BPMN', u'OCEB']",oceb2t300,342,OCEB Certified Expert in BPM - Technical Advanced Exam Preparation
96,"[u'Neural Networks', u'Technologies Overview', u'Artificial Intelligence']",aiint,344,Artificial Intelligence Overview
97,[u'GIT'],gitusers,345,Git for Users
98,[u'Mercurial'],mercusr,346,Mercurial for Users
99,"[u'MediaWiki', u'Wiki', u'Wikipedia']",mwadm,349,Administering MediaWiki
100,[u'SQL'],sqlsqlsvr,350,SQL in SQL Server
101,"[u'Database', u'Access', u'SQL']",sqlmsa,351,SQL in Microsoft Access
102,"[u'MediaWiki', u'Wiki', u'Wikipedia']",wikiedit,352,Wikipedia for Editors
103,"[u'SOA', u'Enterprise Architecture', u'SoaML', u'Web Services', u'UML']",soamlad,353,Analysis and Design with SoaML
104,[u'Facebook'],354,354,Facebook Application Development
105,[u'C-sharp'],pcvs2012,355,Programming in C# 5.0 with Visual Studio 2012
106,[u'C-sharp'],pamvc5,356,Programming in ASP.NET MVC 5
107,[u'C-sharp'],psl5,357,Programming in Silverlight 5
108,[u'C-sharp'],pwpf45,358,Programming in WPF 4.5
109,"[u'C-sharp', u'Design Patterns', u'Software Design', u'Microsoft .NET', u'Programming']",dpcs,359,Design Patterns in C#
110,"[u'GIT', u'Subversion']",gitvicsubv,360,Git for Victims of Subversion
111,"[u'GIT', u'Mercurial']",rmddvcs,361,Release Management and Deployment with Distributed Version Control System
112,[u'Statistics'],statsman,362,Statistics for Managers
113,"[u'SQL', u'Oracle', u'PL/SQL']",oplsqlfun,363,ORACLE PL/SQL Fundamentals
114,"[u'Oracle', u'SQL']",osqlfun,364,ORACLE SQL Fundamentals
115,[u'Linux'],ulshscr,365,UNIX/Linux Shell Scripting
116,[u'Drupal'],webappd7,366,"Building Web Applications with Drupal 7, Views, Fields and Panels"
117,[u'Android'],androidtest,367,Android Applications Testing
118,[u'Android'],androidfun,368,Android Fundamentals
119,[u'Android'],androidwidget,369,Android App Widgets Development
120,"[u'Android', u'Mobile Development']",androidhybapp,370,Android Hybrid Applications
121,"[u'Android', u'Java']",javafunandroid,371,Java Fundamentals for Android
122,[u'Android'],androidprog,372,Android Effective Programming
123,[u'Oracle'],373,373,Oracle Database 11g: New Features for Administrators DBA Release 2
124,[u'Oracle'],oracleperftun,374,Oracle Database 11g: Performance Tuning
125,[u'Bio'],geneticsint,375,Introduction to Genetics
126,"[u'Statistics', u'Bio']",statsres,376,Statistics for Researchers
127,"[u'Test Automation', u'Web Application Testing', u'Automation Testing', u'Selenium Webdriver', u'Selenium']",TesAutSel,377,Test Automation with Selenium
128,[u'Oracle'],378,378,Oracle Service Bus 11g - Design and Integration
129,"[u'Statistics', u'R']",rintro,380,Introduction to R
130,"[u'Linux', u'Debian']",debianadmin,381,Debian Administration
131,"[u'Strategic Management', u'Advertising', u'Brand Management', u'Marketing']",netmrk,382,Using The Internet As A Marketing Channel For Businesses
132,"[u'BPM', u'BPMN', u'Business Analysis']",bpmn2ba,383,BPMN 2.0 for Business Analysts
133,[u'Statistics'],pgmt,384,The Practitioner’s Guide to Multivariate Techniques
134,[u'Management Accounting'],pricestrat,385,A Practical Guide to Successful Pricing Strategies
135,[u'Marketing'],pginttrade,386,A Practical Guide to International Trade
136,"[u'Mobile Programming', u'iOS']",iosprog,387,iOS Programming (iPhone/iPad) for Programmers
137,"[u'OCSMP', u'SysML']",ocsmpprep,388,OCSMP Model User Exam Preparation
138,"[u'Scrum', u'Automation Testing', u'Software Testing', u'Test Automation', u'Agile', u'JMeter']",agilesofttest,389,Agile Software Testing
139,[u'OCRES'],ocres200,390,OMG Certified Real-time and Embedded Specialist (OCRES) - Intermediate Exam Preparation
140,[u'OCRES'],ocres300,391,OMG Certified Real-time and Embedded Specialist (OCRES) - Advanced Exam Preparation
141,[u'Bio'],drugdsg,392,Drug Design
142,[u'Bio'],mdlbiostruct,393,Modeling of Biological Structures
143,"[u'Python', u'Bio']",progbio,394,Programming for Biologists
144,"[u'Bio', u'Assertiveness']",sccomm,395,Scientific Communication
145,[u'Bio'],bioinfbas,396,Basics of Bioinformatics
146,"[u'MBSE', u'UML']",umlitba,397,UML for the IT Business Analyst
147,"[u'MariaDB', u'Database', u'SQL', u'MySQL']",mariadbadmin,398,MariaDB Database Administration
148,"[u'Android', u'Cross Platform Development']",androidct,400,Cross Train to Android
149,[u'Cloud Computing'],cloudcomp,401,Cloud Computing Overview
150,"[u'Statistics', u'Six Sigma']",sixsigmagb,403,Six Sigma Green Belt
151,[u'Linux'],linuxsysadmin1,404,Linux System Administration
152,"[u'MongoDB', u'NoSQL']",mongodbadmin,405,MongoDB for Administrators
153,"[u'Database', u'MongoDB', u'NoSQL']",mongodbdev,406,MongoDB for Developers
154,"[u'XQuery', u'XML']",xquery,407,XQuery
155,"[u'Statistics', u'Six Sigma']",sixsigmabb,409,Six Sigma Black Belt
156,"[u'SVN', u'Subversion']",subvadv,410,Subversion for Advanced Users
157,[u'IP Security'],411,411,Information Safety and Network Security
158,[u'SOA ESB Integration'],jcapsdae,412,OpenESB-Java CAPS for developers and architects entry level
159,"[u'SOA ESB Integration', u'Java']",jcapsdaadv,413,OpenESB-Java CAPS for developers and architects advanced level
160,[u'SOA ESB Integration'],jcapsdaexp,414,OpenESB-Java CAPS for developers and architect expert level
161,"[u'PostgreSQL', u'SQL']",pgsqladm,415,PostgreSQL Administration and Development
162,[u'SQL'],416,416,Introduction to Firebird
163,"[u'HTML', u'HTML5']",html5intro,417,Introduction to HTML 5
164,"[u'Project Management', u'Systems Modeling', u'Software Design', u'Domain Driven Design']",dddintro,418,Introduction to Domain Driven Design
165,[u'jBPM'],jbpmdev,419,jBPM for Developers
166,"[u'Enterprise Architecture', u'Nato Architecture Framework (NAF)', u'MODAF']",naf,420,Nato Architecture Framework (NAF)
167,"[u'JavaScript', u'jQuery']",jqueryadv,421,jQuery Advanced
168,"[u'Version Control Systems', u'Computer', u'Project Management']",423,423,Trac User and Administration
169,"[u'SOA', u'WCF', u'Microsoft .NET']",uwcf,426,Understanding Windows Communication Foundation (WCF)
170,[u'Enterprise Architecture'],eaint,428,Enterprise Architecture Overview
171,"[u'GlassFish', u'Java EE', u'Oracle', u'Java']",gfsjeeint,429,Administering GlassFish Server with Java EE applications introduction
172,[u'MQL4'],mql4prog,430,MQL4 Programming
173,"[u'RDF', u'Semantic Web']",smtwebint,431,Semantic Web Overview
174,[u'FUML'],fumlintro,432,Introduction to FUML
175,"[u'Enterprise Architecture', u'UPDM']",updmint,433,Overview of Unified Profile for DoDAF/MODAF (UPDM)
176,"[u'Enterprise Architecture', u'MODAF']",modafint,434,MOD Architecture Framework (MODAF) Overview
177,"[u'Enterprise Architecture', u'DoDAF']",dodafint,435,Department of Defense Architecture Framework (DoDAF) Overview
178,[u'Java with Adobe Flex'],flex4lcds3,436,Flex 4 and LiveCycle Data Services 3
179,"[u'C-sharp', u'Microsoft .NET']",asp4,437,ASP.Net 4.0
180,[u'Lua'],luacomp,439,Comprehensive Lua
181,[u'Microsoft .NET'],advnet2dev,441,Advanced Foundations of .NET 2.0 Development
182,[u'Microsoft .NET'],corenet2dev,442,Core Foundations of .NET 2.0 Development
183,"[u'C-sharp', u'Microsoft .NET']",wfcsn,447,Windows Forms with C#.Net
184,[u'Human Resources'],448,448,Mentoring and Coaching
185,[u'Human Resources'],449,449,Equality and Diversity Masterclass
186,[u'Microsoft .NET'],pmsacs,450,"Programming Metro-style Apps with C# (Windows 8, Windows RT, WinRT)"
187,"[u'Android', u'iOS', u'Mobile Development']",451,451,Cross-platform mobile development with PhoneGap/Apache Cordova
188,[u'Oracle'],452,452,R12.x Extend Oracle Applications: Building OA Framework Applications
189,[u'Oracle'],453,453,Oracle: (1ZO-147) Program with PLSQL
190,[u'Information System Security'],cissprev,457,Certified Information System Security Professional (CISSP) CBK Review
191,[u'SQL'],transsqlbas,460,Transact SQL Basic
192,[u'SQL'],transsqladv,463,Transact SQL Advanced
193,"[u'Finance', u'Forex', u'MQL4']",466,466,Expert Advisor Programming
194,[u'Oracle'],471,471,Oracle Database 11g: SQL Fundamentals I (IZO-051)
195,[u'Management'],476,476,Introduction to Management
196,"[u'Corporate Governance', u'Financial Crime']",amlctf,491,Anti-Money Laundering (AML) and Combating Terrorist Financing (CTF)
197,"[u'Finance', u'Risk Management']",mancomprisk,492,Compliance and the Management of Compliance Risk
198,"[u'Corporate Governance', u'Finance']",compmlro,493,The Compliance and MLRO Refresher Programme
199,"[u'Corporate Governance', u'Finance']",corpgov,494,Corporate Governance
200,[u'Financial Crime'],pdifinc,495,"Preventing, Detecting and Investigating Financial Crime"
201,"[u'Human Resources', u'Soft Skills', u'Professional Development']",coach,497,Coaching Skills
202,"[u'Soft Skills', u'Human Resources', u'Assertiveness']",commtm,502,Communicating and Influencing For Team Members
203,"[u'Soft Skills', u'Human Resources', u'Professional Development', u'Assertiveness']",commtm2,503,Communicating and Influencing - For Managers and Team Leaders
204,"[u'VB.NET', u'C-sharp', u'Visual Studio', u'Microsoft .NET']",vsvb,504,Visual Studio with VB.Net
205,[u'Human Resources'],handcc,506,Handling Conflict with Confidence
206,[u'Human Resources'],hip,507,High Impact Presentations
207,[u'Management'],mantdev,508,Management and Team Development
208,"[u'Human Resources', u'Project Management']",pplteamman,509,People and Team Management
209,"[u'Soft Skills', u'Human Resources']",pemm,510,Personal Efficiency and Managing Meetings
210,"[u'Automation Testing', u'Software Testing', u'Selenium', u'Test Automation', u'Selenium Webdriver', u'Web Application Testing']",selntro,511,Introduction to Selenium
211,"[u'BPM', u'Business Analysis']",bprca,529,Business Process Re-engineering for Competitive Advantage
212,[u'Business Analysis'],badsp,530,Introduction to Business Analysis: Defining Successful Projects
213,"[u'Professional Development', u'Management']",presconf,531,Presenting with Confidence
214,"[u'Soft Skills', u'Management']",traintrainer,532,Train-the-Trainer
215,"[u'Strategic Management', u'Change Management', u'Strategic Planning']",changeman,534,Change Management
216,"[u'Finance', u'Management']",rcbd,535,Retail and Commercial Banking Delivery Channel Masterclass
217,"[u'Strategic Management', u'Management']",stratman,536,Strategic Management
218,"[u'Strategic Management', u'Brand Management', u'Marketing', u'Management']",yourbb,537,Understanding Your Brand and Your Business
219,[u'Risk Management'],credapp,538,Credit Appraisal
220,[u'Risk Management'],crmcl,539,Credit Risk Management for Consumer Lending
221,[u'Software Testing'],ptloadrunner,547,Performance Testing with LoadRunner
222,[u'Performance'],perftune,551,Performance engineering/tuning
223,[u'Risk Management'],lendapp,552,Lending Applications
224,[u'Plone'],ploneint,554,Plone Overview
225,"[u'Database', u'Oracle']",o11gadm,556,Oracle 11g - Administracja - warsztaty
226,[u'Android'],androiddev,563,Android Development
227,"[u'Oracle', u'Java']",564,564,Java SE 7 Programmer Certification Preparation
228,"[u'IIS', u'Microsoft .NET']",iis7aspadm,567,IIS 7 and ASP.NET Administration
229,"[u'Photoshop', u'Adobe', u'Computer Graphics', u'InDesign', u'Computer graphics DTP']",tgapai,584,"Graphic techniques (Adobe Photoshop, Adobe Illustrator)"
230,"[u'Linux', u'FreeBSD']",ksuswsf,598,Konfiguracja sieci i usług sieciowych w systemie FreeBSD
231,"[u'Web Development', u'Java', u'Programming']",jwebappjsp,606,Java Web Developement - JSP
232,[u'Drupal'],drupalviews,637,Drupal Views Module
233,[u'XML'],msdxml,667,Modelowanie struktury dokumentu XML
234,"[u'C-sharp', u'Microsoft .NET']",685,685,Basics of C # language based on object model
235,"[u'Project Management', u'Management', u'Change Management', u'Configuration Management']",reqman,706,Zarządzanie wymaganiami
236,"[u'Scrum', u'Agile', u'Project Management']",scrumstep,716,Scrum - Step by Step
237,"[u'Test Automation', u'Automation Testing', u'Software Testing', u'Java']",junit,726,Unit Testing with JUnit
238,"[u'BPM', u'Business Rules', u'Drools', u'Artificial Intelligence', u'JBoss', u'Jboss Rules']",bldrools,733,Managing Business Logic with Drools
239,"[u'Inkscape', u'Computer Graphics']",inkscape,741,Inkscape
240,[],agilescrum,743,TEF Course Agile Project Management with Scrum - Trainer Francesco Lomonaco
241,[],agilescrum,750,TEF Course Agile Project Management with Scrum - Trainer Francesco Lomonaco
242,[],agilescrum,751,TEF Course Agile Project Management with Scrum - Trainer Francesco Lomonaco
243,[],drupal7adm1,752,TEF Course Administering a Drupal 7 Website - Trainer bszlachta
244,[],excelstatsda,753,TEF Course Excel For Statistical Data Analysis - Trainer the_shafiq
245,[],bpaumlbpmn,754,TEF Course Business Process Analysis with UML and BPMN - Trainer philippexyz
246,[],selntro,755,TEF Course Introduction to Selenium - Trainer Info
247,[],jmeterfun,756,TEF Course JMeter Fundamentals - Trainer petepauk
248,[],umlitba,757,TEF Course UML for the IT Business Analyst - Trainer philippexyz
249,[],jmeteradv,758,TEF Course JMeter Advanced - Trainer petepauk
250,[],gitusers,759,TEF Course Git for Users - Trainer bszlachta
251,[],agilescrum,763,TEF Course Agile Project Management with Scrum - Trainer Francesco Lomonaco
252,[u'Six Sigma'],765,765,Introduction to Six Sigma
253,[],agilescrum,766,TEF Course Agile Project Management with Scrum - Trainer bszlachta
254,[],agilescrum,767,TEF Course Agile Project Management with Scrum - Trainer bszlachta
255,[],agilescrum,768,TEF Course Agile Project Management with Scrum - Trainer bszlachta
256,[],agilescrum,770,TEF Course Agile Project Management with Scrum - Trainer bszlachta
257,[],agilescrum,771,TEF Course Agile Project Management with Scrum - Trainer bszlachta
258,[],agilescrum,772,TEF Course Agile Project Management with Scrum - Trainer bszlachta
259,[],agilescrum,773,TEF Course Agile Project Management with Scrum - Trainer bszlachta
260,[],agilescrum,774,TEF Course Agile Project Management with Scrum - Trainer bszlachta
261,[],agilescrum,776,TEF Course Agile Project Management with Scrum - Trainer bszlachta
262,"[u'Finance', u'Strategic Planning']",779,779,"Międzynarodowe Standardy Rachunkowości i Sprawozdawczości Finansowej (MSR, MSSF) (IAS, IFRS)"
263,"[u'Finance', u'Management']",782,782,Finanse dla niefinansistów 
264,"[u'Computer', u'Excel']",784,784,Microsoft Office Excel - poziom średniozaawansowany
265,[u'Management'],808,808,Introduction to Lean Six Sigma Training
266,"[u'Soft Skills', u'Management']",809,809,Introduction to Lean Six Sigma green belt 
267,"[u'Soft Skills', u'Management']",810,810,Management Skills for technical staff
268,[u'Soft Skills'],811,811,Management Skills for Administrative Professionals
269,[u'Soft Skills'],812,812,New Supervisor Training
270,[u'Management'],813,813,First time manager from supervisor to Manager 
271,"[u'Soft Skills', u'Management']",814,814,"Essential Management Skills for Executive Assistants, Senior PAs and Administration Professionals"
272,[],bpaumlbpmn,815,TEF Course Business Process Analysis with UML and BPMN - Trainer Alain Dries
273,[],bpaumlbpmn,816,TEF Course Business Process Analysis with UML and BPMN - Trainer Alain Dries
274,[],jmeterfun,818,TEF Course JMeter Fundamentals - Trainer petepauk
275,[],wssoapwsdl,819,TEF Course WebServices with SOAP and WSDL Basics - Trainer the_shafiq
276,"[u'C-sharp', u'Microsoft .NET']",820,820,ADO.NET 4.0 Development
277,[u'Microsoft .NET'],aspnetmvc45,821,ASP.NET MVC 4.5 Web Development
278,"[u'C-sharp', u'Microsoft .NET']",822,822,C#.Net
279,[],svnusr,823,TEF Course Subversion for Users - Trainer jxubox-nobleprog
280,[],sqlfun,824,TEF Course SQL Fundamentals - Trainer the_shafiq
281,[u'Oracle'],838,838,Oracle Database 10g: Administration Workshop I Release 2
282,[],webappd7,840,"TEF Course Building Web Applications with Drupal 7, Views, Fields and Panels - Trainer lsokolowski"
283,[],webappd7,841,"TEF Course Building Web Applications with Drupal 7, Views, Fields and Panels - Trainer lsokolowski"
284,[],excelstatsda,842,TEF Course Excel For Statistical Data Analysis - Trainer the_shafiq
285,[],apachetomcat,843,TEF Course Apache Tomcat Administration - Trainer Fulvio
286,[],apachetomcat,844,TEF Course Apache Tomcat Administration - Trainer Fulvio
287,[],sqlfun,845,TEF Course SQL Fundamentals - Trainer philisham
288,[],bldrools,846,TEF Course Managing Business Logic with Drools - Trainer bszlachta
289,[],agilescrum,847,TEF Course Agile Project Management with Scrum - Trainer krother
290,[],webappd7,848,"TEF Course Building Web Applications with Drupal 7, Views, Fields and Panels - Trainer lsokolowski"
291,[],agilescrum,849,TEF Course Agile Project Management with Scrum - Trainer krother
292,[],agilescrum,850,TEF Course Agile Project Management with Scrum - Trainer krother
293,[],rmddvcs,851,TEF Course Release Management and Deployment with Distributed Version Control System - Trainer bszlachta
294,[],gitusers,852,TEF Course Git for Users - Trainer bszlachta
295,[],mrkfct,853,TEF Course Market Forecasting - Trainer bszlachta
296,"[u'Statistics', u'Management']",xcelsius,854,Xcelsius
297,"[u'Computer', u'Outlook', u'Microsoft Office']",855,855,MS Outlook Advanced
298,[],agilescrum,856,TEF Course Agile Project Management with Scrum - Trainer krother
299,"[u'Scrum', u'Agile']",scrumtrintro,861,An Introduction to the Scrum Team Role
300,[u'Assertiveness'],862,862,Building an Effective Team with Belbin Team Roles
301,"[u'Scrum', u'Agile']",scrumbelbintr,863,Building an Effective Scrum Team with Belbin Team Roles
302,"[u'Scrum', u'Test Automation', u'Agile']",scrumtestspe,864,The Scrum Test Specialist
303,[u'GIT'],gitcomp,1123,Comprehensive Git
304,"[u'Statistics', u'R', u'Forecasting']",frcr,1124,Forecasting with R
305,[u'Strategic Management'],1125,1125,Balanced Scorecard
306,"[u'GIT', u'MySQL']",1126,1126,Database Version Control (dbv)
307,[u'OMG'],brsbvr,1128,Business Rule Approach with SBVR
308,"[u'Wiki', u'MediaWiki', u'Semantic Wiki', u'Wikipedia']",mwsemintro,1129,Introduction to Semantic MediaWiki
309,[],agilescrum,1211,TEF Course Agile Project Management with Scrum - Trainer bszlachta
310,"[u'JavaScript', u'Quality Engineering', u'Performance Testing', u'Software Testing']",jsqaci,1212,JavaScript - Quality Assurance oraz Continuous Integration
311,[],agilescrum,1218,TEF Course Agile Project Management with Scrum - Trainer bszlachta
312,[],mrkfct,1339,TEF Course Market Forecasting - Trainer bszlachta
313,[u'Forex'],mt4,2033,Using the Meta Trader 4 (MT4) Platform
314,[],soamlad,2034,TEF Course Analysis and Design with SoaML - Trainer bszlachta
315,[],designpat,2037,TEF Course Design Patterns - Trainer krother
316,[],designpat,2038,TEF Course Design Patterns - Trainer krother
317,[],designpat,2039,TEF Course Design Patterns - Trainer krother
318,"[u'VBA', u'Access']",2370,2370,Access VBA
319,[u'Programming'],2371,2371,CICS Command Level Programming
320,[],designpat,2373,TEF Course Design Patterns - Trainer krother
321,[],pythonprog,2375,TEF Course Python Programming - Trainer tomasz.puton
322,[],pythonprog,2376,TEF Course Python Programming - Trainer tomasz.puton
323,"[u'Java EE', u'Tomcat']",atomjeeadm,2387,Apache Tomcat and Java EE Administration
324,[],pythonprog,2388,TEF Course Python Programming - Trainer tomasz.puton
325,[],iis7aspadm,2389,TEF Course IIS 7 and ASP.NET Administration - Trainer Fulvio
326,[u'Enterprise Architecture'],eaintro,2393,Introduction to Enterprise Architect
327,[],strapra,2641,TEF Course Strategic Planning in Practice - Trainer Yvonne Ward
328,[],agilescrum,2642,TEF Course Agile Project Management with Scrum - Trainer Alain Dries
329,[],agilescrum,2643,TEF Course Agile Project Management with Scrum - Trainer Alain Dries
330,[],agilescrum,2644,TEF Course Agile Project Management with Scrum - Trainer Alain Dries
331,[],dpcs,2645,TEF Course Design Patterns in C# - Trainer Fulvio
332,[],agilescrum,2646,TEF Course Agile Project Management with Scrum - Trainer Alain Dries
333,[],subvadmin,2647,TEF Course Subversion for Administrators - Trainer jxubox-nobleprog
334,[],agilescrum,2648,TEF Course Agile Project Management with Scrum - Trainer Alain Dries
335,[],pythonprog,2649,TEF Course Python Programming - Trainer tomasz.puton
336,[],agilescrum,2650,TEF Course Agile Project Management with Scrum - Trainer Alain Dries
337,[],agilescrum,2651,TEF Course Agile Project Management with Scrum - Trainer Alain Dries
338,[],agilescrum,2652,TEF Course Agile Project Management with Scrum - Trainer Alain Dries
339,[],agilescrum,2653,TEF Course Agile Project Management with Scrum - Trainer Alain Dries
340,[],agilescrum,2654,TEF Course Agile Project Management with Scrum - Trainer Alain Dries
341,[],pythonprog,2655,TEF Course Python Programming - Trainer tomasz.puton
342,[],agilescrum,2656,TEF Course Agile Project Management with Scrum - Trainer Alain Dries
343,[],agilescrum,2657,TEF Course Agile Project Management with Scrum - Trainer Alain Dries
344,[],pythonprog,2658,TEF Course Python Programming - Trainer tomasz.puton
345,[],agilescrum,2659,TEF Course Agile Project Management with Scrum - Trainer Alain Dries
346,[u'Soft Skills'],didactictb,2661,Build your Didactic Toolbox
347,"[u'MediaWiki', u'Wiki', u'Wikipedia']",mwedit1,2662,MediaWiki for Content Editors
348,[],gitusers,2663,TEF Course Git for Users - Trainer lsokolowski
349,[],agilescrum,2664,TEF Course Agile Project Management with Scrum - Trainer Alain Dries
350,[],agilescrum,2665,TEF Course Agile Project Management with Scrum - Trainer Alain Dries
351,[],agilescrum,2666,TEF Course Agile Project Management with Scrum - Trainer Alain Dries
352,"[u'BPM', u'BPMN', u'BPMS']",bpm,2667,Business Process Management
353,[],agilescrum,2676,TEF Course Agile Project Management with Scrum - Trainer Alain Dries
354,[],agilescrum,2678,TEF Course Agile Project Management with Scrum - Trainer Alain Dries
355,[],agilescrum,2679,TEF Course Agile Project Management with Scrum - Trainer Alain Dries
356,[],excelstatsda,2680,TEF Course Excel For Statistical Data Analysis - Trainer philisham
357,[],agilescrum,2682,TEF Course Agile Project Management with Scrum - Trainer pshrivas
358,[],agilescrum,2683,TEF Course Agile Project Management with Scrum - Trainer pshrivas
359,[],agilescrum,2684,TEF Course Agile Project Management with Scrum - Trainer pshrivas
360,[],agilescrum,2685,TEF Course Agile Project Management with Scrum - Trainer pshrivas
361,[],agilescrum,2686,TEF Course Agile Project Management with Scrum - Trainer pshrivas
362,[],agilescrum,2687,TEF Course Agile Project Management with Scrum - Trainer pshrivas
363,[],agilescrum,2688,TEF Course Agile Project Management with Scrum - Trainer pshrivas
364,[],agilescrum,2689,TEF Course Agile Project Management with Scrum - Trainer pshrivas
365,[],agilescrum,2690,TEF Course Agile Project Management with Scrum - Trainer pshrivas
366,[],agilescrum,2691,TEF Course Agile Project Management with Scrum - Trainer pshrivas
367,[],agilescrum,2692,TEF Course Agile Project Management with Scrum - Trainer pshrivas
368,[],agilescrum,2693,TEF Course Agile Project Management with Scrum - Trainer pshrivas
369,[],agilescrum,2694,TEF Course Agile Project Management with Scrum - Trainer pshrivas
370,"[u'Scrum', u'Strategic Management', u'Strategic Planning', u'Business Analysis', u'Management', u'Project Management', u'UML']",absunu,2727,Analiza biznesowa i systemowa z użyciem notacji UML - warsztat praktyczny dla PO w metodyce Scrum
371,"[u'Scrum', u'Agile', u'Project Management', u'Management']",tcpsm,2728,Techniki coachingowe w pracy Scrum Mastera - warsztat praktyczny
372,"[u'Web Development', u'Social Media', u'Marketing']",2730,2730,Tworzenie stron internetowych i optymalizacja pod kątem marketingu internetowego
373,"[u'Data Mining', u'Big Data']",psr,2731,Introduction to Recommendation Systems
374,"[u'Design Patterns', u'Java']",javawp,2732,Wzorce projektowe w Java
375,"[u'Scrum', u'Agile', u'Project Management']",agiletdd,2735,Agile TDD
376,[],gfsjeeint,2739,TEF Course Administering GlassFish Server with Java EE applications introduction - Trainer Fulvio
377,[u'Android'],androidappdev,2748,Develop Android Applications
378,[],2756,2756,Architektura Korporacyjna - przygotowanie organizacji do wdrożenia SOA
379,"[u'C-sharp', u'Microsoft .NET', u'Programming']",pwin8xamlc,2764,Programming in Windows 8 with XAML and C#
380,"[u'Scrum', u'KanBan', u'Agile', u'Project Management', u'Management']",agilekanban,2765,Agile Project Management with Kanban
381,[],webappd7,2768,"TEF Course Building Web Applications with Drupal 7, Views, Fields and Panels - Trainer lsokolowski"
382,[],agilescrum,2769,TEF Course Agile Project Management with Scrum - Trainer bszlachta
383,[],agilescrum,2770,TEF Course Agile Project Management with Scrum - Trainer bszlachta
384,[],agilescrum,2771,TEF Course Agile Project Management with Scrum - Trainer bszlachta
385,[],umlad,2772,TEF Course UML Analysis and Design - Trainer philippexyz
386,[],agilescrum,2773,TEF Course Agile Project Management with Scrum - Trainer bszlachta
387,[],soad,2775,TEF Course Service Oriented Analysis and Design - Trainer philippexyz
388,[],umlad,2778,TEF Course UML Analysis and Design - Trainer philippexyz
389,[],agilescrum,2785,TEF Course Agile Project Management with Scrum - Trainer lijianhao
390,[],agilescrum,2786,TEF Course Agile Project Management with Scrum - Trainer lijianhao
391,[],agilescrum,2787,TEF Course Agile Project Management with Scrum - Trainer lijianhao
392,[],agilescrum,2789,TEF Course Agile Project Management with Scrum - Trainer bszlachta
393,[],agilescrum,2790,TEF Course Agile Project Management with Scrum - Trainer bszlachta
394,[],agilescrum,2792,TEF Course Agile Project Management with Scrum - Trainer lijianhao
395,"[u'Apache', u'Web Development', u'Jboss Rules', u'Web Server']",2794,2794,"HTTP Web Server (Nginx, Apache, JBoss)"
396,[],designpat,2841,TEF Course Design Patterns - Trainer Dr Phill Edwards
397,"[u'MATLAB', u'Programming']",matlabprog,2842,MATLAB Programming
398,"[u'Cloud Computing', u'Hadoop', u'Data Mining', u'Big Data', u'Business Intelligence']",mdlmrah,2847,Model MapReduce and Apache Hadoop
399,[u'Apache Solr'],solrfts,2849,Apache Solr - Full-Text Search Server
400,[],designpat,2853,TEF Course Design Patterns - Trainer Dr Phill Edwards
401,[u'R'],mrkanar,2858,Marketing Analytics using R
402,[],designpat,2864,TEF Course Design Patterns - Trainer krother
403,[],designpat,2865,TEF Course Design Patterns - Trainer krother
404,[],designpat,2866,TEF Course Design Patterns - Trainer krother
405,[],designpat,2867,TEF Course Design Patterns - Trainer krother
406,[],designpat,2868,TEF Course Design Patterns - Trainer krother
407,"[u'Microsoft .NET', u'Programming']",2870,2870,Programming using ASP.NET MVC 4
408,[u'Symfony'],symfewf,2880,Symfony2 - enterprise web framework
409,"[u'BDD', u'Software Testing']",bddtest,2881,BDD - Behavioral testing of IT systems
410,"[u'Drupal Commerce', u'Drupal']",drupalcom,2882,Online Store with Drupal Commerce
411,[u'Nginx'],nginxsca,2885,"Nginx Setup, Configuration and Administration"
412,"[u'Drools', u'Java EE', u'jBPM', u'Jboss Rules', u'JBoss', u'Java']",wfsadm,2886,WildFly Server Administration
413,[u'NLP'],nlp,2887,Natural Language Processing
414,[u'Soft Skills'],2899,2899,Effective communication skills 
415,"[u'BPM', u'BPMS', u'Business Analysis']",bpmess,2906,BPM Essentials
416,[],appxmlxsdxsl,2909,"TEF Course Building Applications with XML, XSD and XSL - Trainer philippexyz"
417,[],2870,2913,TEF Course Programming using ASP.NET MVC 4 - Trainer DRingsell
418,[],2870,2914,TEF Course Programming using ASP.NET MVC 4 - Trainer DRingsell
419,[],wfsadm,2916,TEF Course WildFly Server Administration - Trainer shabeerputhukkudi
420,[],2794,2919,"TEF Course HTTP Web Server (Nginx, Apache, JBoss) - Trainer sambash"
421,[],2794,2922,"TEF Course HTTP Web Server (Nginx, Apache, JBoss) - Trainer sambash"
422,[],2794,2923,"TEF Course HTTP Web Server (Nginx, Apache, JBoss) - Trainer sambash"
423,[],2794,2924,"TEF Course HTTP Web Server (Nginx, Apache, JBoss) - Trainer sambash"
424,[],2794,2925,"TEF Course HTTP Web Server (Nginx, Apache, JBoss) - Trainer sambash"
425,[],brmsdrools,2926,TEF Course Business Rule Management (BRMS) with Drools - Trainer bszlachta
426,[],brmsdrools,2938,TEF Course Business Rule Management (BRMS) with Drools - Trainer bszlachta
427,[],brmsdrools,2940,TEF Course Business Rule Management (BRMS) with Drools - Trainer bszlachta
428,[u'Management'],2942,2942,Customer Relationship Management (CRM)
429,[u'Management'],comawa,2943,Commercial Awareness
430,[],2794,2947,"TEF Course HTTP Web Server (Nginx, Apache, JBoss) - Trainer sambash"
431,[u'Agile'],agileess,2948,Agile Essentials
432,"[u'Test Automation', u'Agile', u'Software Testing']",agilecat,2949,Certified Agile Tester
433,[],drupal7adm1,2953,TEF Course Administering a Drupal 7 Website - Trainer bszlachta
434,[],selntro,2955,TEF Course Introduction to Selenium - Trainer skhanam
435,[],bpm,2976,TEF Course Business Process Management - Trainer Alain Dries
436,[],designpat,2985,TEF Course Design Patterns - Trainer krother
437,[],designpat,2986,TEF Course Design Patterns - Trainer krother
438,[],designpat,2991,TEF Course Design Patterns - Trainer krother
439,[],agilescrum,2993,TEF Course Agile Project Management with Scrum - Trainer petepauk
440,[],agilescrum,2998,TEF Course Agile Project Management with Scrum - Trainer petepauk
441,[],designpat,3002,TEF Course Design Patterns - Trainer krother
442,[],agilescrum,3014,TEF Course Agile Project Management with Scrum - Trainer petepauk
443,[],designpat,3015,TEF Course Design Patterns - Trainer krother
444,[],agilescrum,3016,TEF Course Agile Project Management with Scrum - Trainer krother
445,[],agilescrum,3017,TEF Course Agile Project Management with Scrum - Trainer krother
446,[],agilescrum,3018,TEF Course Agile Project Management with Scrum - Trainer krother
447,[],agilescrum,3019,TEF Course Agile Project Management with Scrum - Trainer krother
448,[],agilescrum,3020,TEF Course Agile Project Management with Scrum - Trainer krother
449,[],agilescrum,3021,TEF Course Agile Project Management with Scrum - Trainer krother
450,[],agilescrum,3022,TEF Course Agile Project Management with Scrum - Trainer krother
451,[],agilescrum,3023,TEF Course Agile Project Management with Scrum - Trainer krother
452,"[u'Microsoft Office', u'Excel']",3024,3024,Working with spreadsheet in Microsoft Excel
453,"[u'Adobe', u'Photoshop', u'Computer Graphics']",3025,3025,"Raster and Vector Graphics (Adobe Photoshop, Corel Draw)"
454,"[u'FreeBSD', u'Computer']",freebsdic,3026,FreeBSD Installation and Configuration
455,"[u'Java', u'Programming']",javaappsh,3027,Spring and Hibernate in Java Applications
456,"[u'Forex', u'Financial Markets']",3028,3028,Foreign Exchange and the Currency Markets for Business - Basic and Intermediate Course
457,"[u'VBA', u'Microsoft Office', u'Excel VBA', u'Excel']",3029,3029,Excel Advanced with VBA
458,[u'Adobe'],3030,3030,Adobe Dreamweaver
459,[u'FreeBSD'],freebsdadmin,3031,Administering FreeBSD
460,[u'Computer Graphics'],3032,3032,Design and Composition in Photography
461,"[u'MSSQL', u'Database', u'SQL']",3033,3033,Administering in Microsoft SQL Server
462,"[u'Microsoft Office', u'Excel']",ExcelAdv,3034,Excel Advanced
463,[u'Adobe'],3035,3035,Adobe Flash Basic
464,"[u'VBA', u'Excel VBA', u'Excel']",vbaexcel,3036,Visual Basic for Applications (VBA) in Excel -  Introduction to programming
465,"[u'VBA', u'Excel VBA', u'Excel']",vbaexceladv,3037,Visual Basic for Applications (VBA) in Excel - Advanced
466,[u'Programming'],cprog,3039,Programming in C
467,"[u'Database', u'Access', u'Microsoft Office']",AccIntr,3040,Access - Data Base Designing
468,"[u'Database', u'Access', u'Microsoft Office']",3041,3041,Access Advanced
469,"[u'Database', u'SQL', u'MySQL']",sqlmysql,3042,SQL in MySQL
470,"[u'Database', u'SQL', u'MySQL']",3044,3044,Using and managing the database in MySQL
471,[],iis7aspadm,3045,TEF Course IIS 7 and ASP.NET Administration - Trainer Fulvio
472,"[u'C++', u'Programming']",pcpp,3046,Programming in C++
473,"[u'Web Development', u'HTML', u'Programming']",3049,3049,Creating Web Pages with HTML
474,"[u'Adobe', u'Photoshop']",3050,3050,Adobe Photoshop
475,"[u'Software Design', u'Java', u'Programming']",dsgpat,3051,Design Patterns - efficient code reusability
476,"[u'Microsoft Office', u'Word']",3052,3052,MS Word Basic
477,"[u'Microsoft Office', u'Word']",3053,3053,Word Advanced
478,"[u'VBA', u'Excel VBA', u'Excel']",excelvbag,3054,Excel and VBA Guru
479,"[u'Project', u'Project Management', u'Microsoft Office']",msproj1,3055,Project Management with Microsoft Project
480,"[u'PowerPoint', u'Microsoft Office']",3056,3056,Microsoft PowerPoint - creating presentations
481,"[u'Database', u'Oracle', u'SQL']",3057,3057,Oracle SQL Language
482,[u'Java'],javaprog,3058,Java Programming
483,[u'Java'],3059,3059,Java Advanced
484,[u'Java'],javaspring,3060,Java Spring
485,[u'Java'],javah,3061,Java Hibernate
486,"[u'DTP Techniques', u'Computer Graphics', u'Computer graphics DTP', u'Adobe', u'Photoshop', u'InDesign']",dtp,3062,"DTP (InDesign, Photoshop, Illustrator, Acrobat)"
487,[u'Linux'],3063,3063,Introduction to Linux
488,[u'Linux'],linuxsysadmin,3064,Administration of Linux System
489,[u'Linux'],linuxnetadmin,3065,Network Administering in Linux
490,[u'Linux'],linuxsec,3066,Linux Security
491,[],drupal7dev,3067,TEF Course Drupal 7 for Developers - Trainer lsokolowski
492,[u'Linux'],linuxnetsec,3068,Network Security in Linux
493,"[u'Linux', u'Programming']",bashp1,3069,BASH Programming
494,"[u'Web Development', u'PHP']",webdevphp1,3070,Website Development in PHP
495,[u'Cloud Computing'],cloudcpt,3071,"It is all about Cloud: Key Concepts, Players, and Technologies"
496,[u'SOA'],soaadv,3072,"Advanced SOA - Architected, Governed, Integrated, and Cloud-Ready"
497,[u'SOA'],teeacmw,3073,"Integrating the Extended Enterprise – On-Premise Applications, Cloud, Mobile and Web APIs"
498,"[u'Enterprise Architecture', u'OCSMP', u'Software Design', u'Business Analysis', u'Requirements Engineering', u'MBSE', u'UML']",UML,3074,Object-Oriented Analysis and Design using UML
499,"[u'Photography', u'Computer Graphics']",3076,3076,Canon Digital Photo Professional
500,"[u'Web Development', u'Drupal']",drupaltheme,3077,Drupal Theming
501,"[u'Oracle', u'SQL']",osqlbgn,3079,Oracle SQL for beginners
502,"[u'Oracle', u'SQL']",osqladv,3080,Oracle SQL Advanced
503,[u'Adobe'],aapdfc,3081,Adobe Acrobat - PDF Creating
504,"[u'Access', u'Microsoft Office', u'SQL']",3082,3082,Microsoft Access - download the data
505,"[u'Adobe', u'Computer Graphics']",ailust,3083,Adobe Illustrator
506,"[u'Adobe', u'InDesign']",aidsg,3084,Adobe InDesign
507,[],pythonprog,3085,TEF Course Python Programming - Trainer krother
508,"[u'MSSQL', u'C-sharp', u'Microsoft .NET', u'SQL', u'Visual Studio', u'VB.NET']",ddavsvbsqls,3086,"Developing Desktop Applications with Visual Studio 2012, VB.NET and SQL Server 2012"
509,[u'XML'],xmlfund,3087,XML Fundamentals
510,[],pythonprog,3088,TEF Course Python Programming - Trainer krother
511,"[u'VBA', u'Excel VBA', u'Excel']",3089,3089,Visual Basic for Applications (VBA) in Excel (intermediate level)
512,"[u'Microsoft Office', u'Word', u'Excel']",3090,3090,Word and Excel Basics
513,[u'XML'],xmladv,3091,XML Advanced
514,"[u'MSSQL', u'Database', u'SQL']",3092,3092,SQL language in MSSQL
515,[u'Soft Skills'],communic,3093,Communication
516,"[u'Microsoft Office', u'Excel']",3094,3094,Effective working with spreadsheet in Excel
517,"[u'Microsoft Office', u'Excel']",exceldataanal,3095,Excel Data Analysis
518,"[u'JavaScript', u'Web Development', u'HTML', u'PHP']",3096,3096,Creating and managing Web sites
519,[u'Soft Skills'],3098,3098,Effective interpersonal communication with elements of assertiveness
520,[u'Soft Skills'],3099,3099,Conflict Management
521,[u'Soft Skills'],3100,3100,Team Building and Management
522,[],excelstatsda,3104,TEF Course Excel For Statistical Data Analysis - Trainer philisham
523,[u'Soft Skills'],3105,3105,Delegation of tasks and motivating employees
524,[],excelstatsda,3106,TEF Course Excel For Statistical Data Analysis - Trainer philisham
525,[u'Soft Skills'],3107,3107,Self Time Management
526,[u'Soft Skills'],3108,3108,Psychology of interpersonal cooperation
527,[u'Soft Skills'],3109,3109,The influence of emotions on communication and collaboration with others
528,[u'Soft Skills'],3110,3110,Coaching - basic introduction
529,[u'Soft Skills'],3111,3111,Stress management
530,"[u'PowerPoint', u'Microsoft Office']",3112,3112,Creating and delivering presentations in Power Point (social skills workshop)
531,[],excelstatsda,3113,TEF Course Excel For Statistical Data Analysis - Trainer philisham
532,"[u'Statistics', u'Data Mining']",sspsspas,3114,Statistics with SPSS Predictive Analytics Software
533,[u'Statistics'],advspsspas,3115,Advanced Statistics using SPSS Predictive Analytics Software
534,[u'Statistics'],samr,3116,Statistic analysis in market research
535,"[u'Finance', u'Microsoft Office', u'Excel']",excelfin,3117,Financial analysis in Excel
536,"[u'SQL Server BI', u'MSSQL', u'Business Intelligence']",3119,3119,Business Intelligence in MS SQL Server 2008
537,"[u'C-sharp', u'Microsoft .NET']",3121,3121,Introducing C# 6.0 with Visual Studio 2015/2017
538,[u'Oracle'],3134,3134,Oracle Application Express Introduction
539,"[u'Enterprise Architecture', u'MBSE', u'UML']",umlea,3136,UML in Enterprise Architect (workshops)
540,[u'BPMN'],bpmnbu,3137,BPMN for Business Users
541,"[u'BPMN', u'Business Analysis']",bpmna,3140,BPMN for Analysts
542,"[u'VBA', u'Programming', u'Computer', u'Excel VBA', u'Excel']",3164,3164,Visual Basic for Applications (VBA) for Analysts
543,"[u'Database', u'VBA', u'Excel']",3165,3165,Visual Basic for Applications (VBA) and Databases
544,"[u'MBSE', u'UML']",3166,3166,Practical aspects of UML
545,[],ocup-2-f100,3168,TEF Course OCUP2 UML 2.5 Certification - Foundation Exam Preparation - Trainer fstachecki
546,"[u'Inkscape', u'Computer Graphics']",inksp,3170,Inkscape and printing
547,"[u'Scribus', u'Computer Graphics']",sribcp,3172,Scribus - Composition of the publication
548,"[u'Adobe', u'DTP Techniques', u'Computer Graphics', u'InDesign', u'Computer graphics DTP']",aiadvip,3243,Adobe InDesign Advanced With Interactive Publications
549,"[u'Adobe', u'Photoshop']",appe,3244,Adobe Photoshop - photo edition
550,[u'Android'],3245,3245,Android - The Basics
551,"[u'Facebook', u'Social Media']",3246,3246,"Social Media - facebook, twitter, blog, youtube, google+"
552,"[u'Facebook', u'Social Media']",3247,3247,Facebook in advertising and marketing
553,"[u'GlassFish', u'Java EE', u'Java']",gfadm,3249,GlassFish Administration
554,[u'Soft Skills'],3251,3251,Effective recruitment and selection of employees
555,[u'Adobe'],cpdff,3252,Create PDF Forms
556,[u'Adobe'],aprep,3253,Adobe Premiere Pro
557,"[u'VBA', u'Excel VBA', u'Excel']",3306,3306,Excel and VBA Programming for Audit and Finance Professionals
558,[u'Adobe'],adocap,3307,Adobe Captivate
559,"[u'Database', u'Oracle', u'SQL']",3308,3308,Oracle 11g - SQL language for administrators - workshops
560,"[u'Database', u'Oracle', u'SQL']",3319,3319,Data Analysis with Oracle 11g - workshop
561,"[u'Database', u'Oracle', u'SQL']",3331,3331,Oracle 11g - Advanced data analysis - workshops
562,"[u'Database', u'Oracle', u'SQL']",3358,3358,Oracle 11g - SQL language for developers - Workshop
563,"[u'Oracle', u'PL/SQL']",3410,3410,Oracle 11g - Programming with PL / SQL I - Workshops
564,"[u'Oracle', u'PL/SQL']",3419,3419,Oracle 11g - Programming with PL / SQL II
565,[u'Apache'],3436,3436,"Nginx, Apache, JVM, JSP & JBoss"
566,"[u'Database', u'Oracle']",3457,3457,Oracle 11g - Application Tuning - Workshop
567,"[u'CSS', u'Web Development', u'Computer Graphics']",css3int,3465,Introduction to CSS3
568,"[u'Web Development', u'Design Patterns', u'PHP', u'Software Design']",dsgpatphp,3487,Design Patterns in PHP
569,"[u'Adobe', u'Computer Graphics']",3507,3507,Adobe LiveCycle Designer
570,"[u'Web Development', u'PHP']",webdevphp,3508,Web Application Development in PHP
571,"[u'JavaScript', u'Design Patterns', u'jQuery', u'Programming']",jsjqmvc,3516,Javascript / jQuery - MVC frameworks / MVVM and multilayer applications on the client side
572,"[u'Design Patterns', u'PHP']",phppatref,3577,PHP Patterns and Refactoring
573,"[u'SOA', u'Enterprise Architecture', u'PHP', u'Programming', u'JavaScript', u'Web Services', u'Java']",restapi,3586,REST API - a pattern of exchange of information between sites
574,"[u'Scrum', u'Agile']",3587,3587,Managing Projects using Waterfall and Agile Techniques
575,"[u'PHP', u'Software Testing', u'Java', u'Domain Driven Design']",qaci,3592,Quality Assurance and Continuous Integration
576,[u'Soft Skills'],6hats,3622,Six thinking hats by Edward de Bono
577,"[u'Adobe', u'Photoshop', u'Computer Graphics']",3626,3626,Adobe Photoshop Elements
578,"[u'C-sharp', u'Python', u'C#', u'Programming', u'JavaScript', u'Java']",3627,3627,Introduction to Programming
579,[u'Programming'],scalaprog,3628,Programming in Scala
580,[u'Neural Networks'],neuralnet,3629,Introduction to the use of neural networks
581,"[u'JavaScript', u'Web Development', u'Design Patterns', u'Programming']",jsadv,3630,JavaScript - Advanced Programming
582,"[u'Enterprise Architecture', u'OpenStack', u'Cloud Computing']",opstcloud,3631,Create OpenStack cloud infrastructure
583,"[u'Soft Skills', u'Human Resources', u'Assertiveness']",3632,3632,Organisational Behaviour
584,[],itilsm,3634,ITIL® Foundation Certificate in IT Service Management
585,[u'UML'],umlmdl,3642,Data Modelling with UML
586,[u'SharePoint'],3646,3646,SharePoint Introduction 2013
587,[u'TCP/IP Networking'],tcpipprac,3698,Practical TCP/IP
588,[u'TCP/IP Networking'],ipv6und,3699,Understanding IPv6
589,[u'Real Time Services over IP'],vvoip,3700,Practical Voice and Video over IP
590,[u'Real Time Services over IP'],siptel,3703,Practical SIP Telephony
591,[u'TCP/IP Networking'],pradtacacs,3710,Practical RADIUS and TACACS+
592,[u'TCP/IP Networking'],ipsecvpn,3711,Understanding IPSec VPNs
593,"[u'TCP/IP Networking', u'Cisco Security']",3712,3712,Cisco CCNA Syllabus in 5 Days
594,"[u'TCP/IP Networking', u'Cisco Security']",casapixo,3713,Cisco ASA/Pix Operation
595,[u'Java'],javafunmanven,3731,Java fundamentals with Maven
596,[u'Cisco Security'],waaacdwtacacs,3754,One Day Workshop for AAA of Cisco Devices using a Windows-based TACACS+ Server
597,[u'Cisco Security'],waaacdwnpsr,3755,One Day Workshop for AAA of Cisco Devices using Windows 2008 NPS RADIUS
598,"[u'IP Security', u'Cisco Security']",wciosd,3756,Workshop for Cisco IOS Devices Implementing IPSec using Certificate Authentication via a Windows 2008 R2 CA
599,[u'Cisco Security'],wpeapawscw,3757,One Day Workshop for PEAP Authentication of Windows 7 Supplicant using a Cisco Switch as Authenticator and Windows 2008 R2 Server
600,"[u'SOA', u'Web Services']",wsbnp,3800,Web Services Basics for Non-Programmers
601,"[u'Performance', u'Computer', u'Strategic Planning']",3809,3809,Prototypowanie interaktywnych makiet - Axure
602,"[u'JavaScript', u'Node.js', u'Programming']",nodejs,3815,Node.js
603,[],ocup-2-f100,3819,TEF Course OCUP2 UML 2.5 Certification - Foundation Exam Preparation - Trainer fstachecki
604,[],ocup-2-f100,3820,TEF Course OCUP2 UML 2.5 Certification - Foundation Exam Preparation - Trainer fstachecki
605,[u'Adobe'],acsmv,3821,Adobe Creative Cloud - Montaż video
606,[],ocup-2-f100,3838,TEF Course OCUP2 UML 2.5 Certification - Foundation Exam Preparation - Trainer fstachecki
607,"[u'C-sharp', u'Python', u'Perl', u'PHP', u'Ruby', u'Programming', u'Java']",ooprog,3839,Object-oriented programming
608,[],ocup-2-f100,3840,TEF Course OCUP2 UML 2.5 Certification - Foundation Exam Preparation - Trainer fstachecki
609,"[u'Puppet', u'Linux', u'Configuration Management']",3842,3842,Puppet Fundamentals
610,"[u'Puppet', u'Linux', u'Configuration Management']",3843,3843,Puppet Advanced
611,[u'Android'],3895,3895,Android App Delivery (bespoke)
612,[],itilsm,3898,TEF Course ITIL® Foundation Certificate in IT Service Management - Trainer arkadiusz_konior
613,[],3936,3936,Business Objects - Advanced
614,"[u'MBSE', u'SysML']",sysml,3940,Systems Modelling with SysML
615,[],gitcomp,3945,TEF Course Comprehensive Git - Trainer pmazzotta
616,[],umlad,3984,TEF Course UML Analysis and Design - Trainer tom-magic
617,[],umlad,3985,TEF Course UML Analysis and Design - Trainer tom-magic
618,[],sqlfun,4028,TEF Course SQL Fundamentals - Trainer lsokolowski
619,[],sqlfun,4029,TEF Course SQL Fundamentals - Trainer lsokolowski
620,[],sqlfun,4030,TEF Course SQL Fundamentals - Trainer lsokolowski
621,[],drupal7adm1,4077,TEF Course Administering a Drupal 7 Website - Trainer ostraining
622,[],symfewf,4078,TEF Course Symfony2 - enterprise web framework - Trainer lalbrzykowski
623,[],symfewf,4079,TEF Course Symfony2 - enterprise web framework - Trainer lalbrzykowski
624,[],symfewf,4080,TEF Course Symfony2 - enterprise web framework - Trainer lalbrzykowski
625,"[u'Enterprise Architecture', u'Web Services', u'XML']",soastm,5078,"Service-Oriented Architecture: Strategy, Technology and Methodology"
626,"[u'MSSQL', u'SSIS', u'Business Intelligence', u'SQL', u'SQL Server BI', u'SSAS']",6550,6550,Business Intelligence w MS SQL Server 2012
627,[],vbaexcel,6551,TEF Course Visual Basic for Applications (VBA) in Excel -  Introduction to programming - Trainer gpruszczynski
628,"[u'MSSQL', u'SQL']",6552,6552,Administracja bazą danych Microsoft SQL Server 2012
629,[],UML,6553,TEF Course Object-Oriented Analysis and Design using UML - Trainer fstachecki
630,[],UML,6554,TEF Course Object-Oriented Analysis and Design using UML - Trainer fstachecki
631,[],drupal8dev,8033,TEF Course Drupal 8 for Developers - Trainer skrossa
632,[],rintro,8035,TEF Course Introduction to R - Trainer liatchin
633,[],3041,8038,TEF Course Access Advanced - Trainer Darkirr
634,[],matlabprog,8044,TEF Course MATLAB Programming - Trainer Tomasz_Zajac
635,[u'Perl'],perltextman,8088,Text Manipulation using PERL
636,"[u'JBoss', u'Business Rules', u'Jboss Rules', u'Drools']",drools6int,8146,Introduction to Drools 6 for Developers
637,[u'Nools'],noolsint,8152,Introduction to Nools
638,[u'Software Testing'],practest,8164,Praktyka testowania
639,[u'Software Testing'],8166,8166,Podstawy ISTQB
640,"[u'Performance Testing', u'Web Application Testing', u'Agile', u'Software Testing', u'Management']",orgmantes,8518,Organizacja i zarządzanie testowaniem
641,[u'Performance Testing'],testistqb,8520,Kierownik testów ISTQB
642,"[u'Performance Testing', u'Web Application Testing', u'Software Testing']",8521,8521,Tester doskonały
643,"[u'Scrum', u'Agile']",8525,8525,Testowanie w Agile
644,[u'Requirements Engineering'],piwa,8558,Podstawy inżynierii wymagań i analizy
645,[u'Requirements Engineering'],irebcpre,8843,Exam preparation: IREB CPRE foundation
646,[u'Requirements Engineering'],spnw,8897,Skuteczne pozyskiwanie i negocjowanie wymagań
647,[u'Requirements Engineering'],pkwcirebcpre,8949,"Exam preparation: requirements elicitation and consolidation, IREB CPRE AL certification"
648,[u'Requirements Engineering'],mwpm,8970,Modelowanie wymagań – przegląd metod
649,[u'Requirements Engineering'],zwpagile,8971,Zarządzanie wymaganiami w projektach Agile
650,[u'Quality Engineering'],zjopm,8972,Zapewnienie jakości oprogramowania – przegląd metodyk
651,[u'Quality Engineering'],zconfz,8973,Zarządzanie konfiguracją i zmianami
652,"[u'Scrum', u'Strategic Management', u'Risk Management', u'Management', u'Agile', u'Project Management']",pazzitsa,8975,Psychologiczne aspekty zarządzania zespołem IT – psychologia zespołu Scrum agile
653,[u'Quality Engineering'],zrpdpit,8976,Zarządzanie ryzykiem i podejmowanie decyzji w projektach IT
654,[u'Drupal'],9386,9386,Drupal Installation and Configuration
655,[],rintro,9969,TEF Course Introduction to R - Trainer Tomasz_Zajac
656,[],rintro,9971,TEF Course Introduction to R - Trainer Tomasz_Zajac
657,[],rintro,9972,TEF Course Introduction to R - Trainer Tomasz_Zajac
658,"[u'Design Patterns', u'Python', u'Programming']",wppyth,15732,Wzorce  projektowe w Python
659,"[u'Ruby', u'Design Patterns', u'Programming']",rubywp,15733,Wzorce  projektowe w Ruby
660,[],sqlfun,15738,TEF Course SQL Fundamentals - Trainer philisham
661,[u'Ruby'],pjruby,18277,Ruby Programming
662,[],excelvbai,18366,TEF Course Excel VBA Introduction - Trainer philisham
663,[],stats1,19035,TEF Course Statistics Level 1 - Trainer philisham
664,[],msdxml,19041,TEF Course Modelowanie struktury dokumentu XML - Trainer bmaj
665,[],msdxml,19042,TEF Course Modelowanie struktury dokumentu XML - Trainer bmaj
666,"[u'Database', u'MySQL']",zamysql,23214,Zaawansowana administracja MySQL
667,[],bpmn2ba,23217,TEF Course BPMN 2.0 for Business Analysts - Trainer whywhathow
668,[u'Web Development'],psum,23228,Projektowanie stron na urządzenia mobilne
669,[],androiddev,23407,TEF Course Android Development - Trainer Dr Phill Edwards
670,[],soad,23409,TEF Course Service Oriented Analysis and Design - Trainer Alain Dries
671,[],rdataana,23417,TEF Course R for Data Analysis and Research  - Trainer Tomasz_Zajac
672,"[u'Ruby', u'Programming']",rubyrpz,23418,Ruby on Rails - praktyczne zastosowanie
673,[],TesAutSel,23422,TEF Course Test Automation with Selenium - Trainer lwalec
674,[],rdataana,23423,TEF Course R for Data Analysis and Research  - Trainer Tomasz_Zajac
675,[],rdataana,23426,TEF Course R for Data Analysis and Research  - Trainer Tomasz_Zajac
676,[u'Access'],23428,23428,Access Intermediate
677,"[u'Cloud Computing', u'IoT', u'Big Data']",iotemi,23432,"IoT (Internet of Things) for Entrepreneurs, Managers and Investors"
678,"[u'IoT', u'Data Mining', u'Big Data', u'Computer']",bdbiga,23436,Big Data Business Intelligence for Govt. Agencies
679,"[u'Cloud Computing', u'Big Data']",bdbitcsp,23439,Big Data Business Intelligence for Telecom and Communication Service Providers
680,"[u'Performance Testing', u'Web Application Testing', u'Software Testing']",perftest,23443,Perfect tester
681,"[u'R', u'Big Data', u'Neural Networks']",rneuralnet,23510,Neural Network in R
682,[],compmlro,23527,TEF Course The Compliance and MLRO Refresher Programme - Trainer Martin Allen
683,[u'Microsoft Office'],23543,23543,Microsoft Office Visio  – Creating Charts and Diagrams
684,[u'Finance'],cbpst,23716,"Corporate Banking:  Products, Strategies and Trends"
685,"[u'Finance', u'Investment']",ibsp,23717,Investment Banking: Introduction to Structured Products
686,"[u'Finance', u'Financial Markets']",finmrkts,23718,Financial Markets
687,[],bpmn2ba,28922,TEF Course BPMN 2.0 for Business Analysts - Trainer fstachecki
688,[],sqlsqlsvr,28926,TEF Course SQL in SQL Server - Trainer lsokolowski
689,"[u'Hadoop', u'Big Data']",hadoopadm,28937,Hadoop Administration
690,"[u'Statistics', u'Hadoop', u'Big Data']",apacheh,28938,Administrator Training for Apache Hadoop
691,[],sysml,28950,TEF Course Systems Modelling with SysML - Trainer tom-magic
692,[],debianadmin,28951,TEF Course Debian Administration - Trainer lwalec
693,[],debianadmin,28952,TEF Course Debian Administration - Trainer lwalec
694,[],sysml,28956,TEF Course Systems Modelling with SysML - Trainer tom-magic
695,[],sysml,28960,TEF Course Systems Modelling with SysML - Trainer tom-magic
696,[],sysml,28961,TEF Course Systems Modelling with SysML - Trainer tom-magic
697,[],drupal8admin,28968,TEF Course Administering a Drupal 8 Website - Trainer lsokolowski
698,[],drupal8themes,28969,TEF Course Drupal 8 Themes - Trainer lsokolowski
699,[],excelvbai,28977,TEF Course Excel VBA Introduction - Trainer philisham
700,[],sysml,28996,TEF Course Systems Modelling with SysML - Trainer tom-magic
701,[],rmddvcs,29022,TEF Course Release Management and Deployment with Distributed Version Control System - Trainer bszlachta
702,"[u'Soft Skills', u'Human Resources']",29030,29030,Train the trainers - trening kompetencji trenerskich
703,[],784,29034,TEF Course Microsoft Office Excel - poziom średniozaawansowany - Trainer Lukasz_Lis
704,[],784,29035,TEF Course Microsoft Office Excel - poziom średniozaawansowany - Trainer Lukasz_Lis
705,[u'SOA Governance'],soagov,29037,SOA Governance
706,[],bpmn2ba,29047,TEF Course BPMN 2.0 for Business Analysts - Trainer fstachecki
707,[],excelvbai,29048,TEF Course Excel VBA Introduction - Trainer philisham
708,[],excelvbai,29369,TEF Course Excel VBA Introduction - Trainer philisham
709,[],excelvbai,29372,TEF Course Excel VBA Introduction - Trainer philisham
710,"[u'Data Mining', u'Big Data', u'Artificial Intelligence']",datamin,66209,Data Mining
711,[],dpcs,66210,TEF Course Design Patterns in C# - Trainer Dr Phill Edwards
712,[],pwpf45,66214,TEF Course Programming in WPF 4.5 - Trainer Daniel Skowroński
713,[],pwpf45,66215,TEF Course Programming in WPF 4.5 - Trainer Daniel Skowroński
714,[],pwpf45,66216,TEF Course Programming in WPF 4.5 - Trainer Daniel Skowroński
715,[],pwpf45,66217,TEF Course Programming in WPF 4.5 - Trainer Daniel Skowroński
716,[],pwpf45,66218,TEF Course Programming in WPF 4.5 - Trainer Daniel Skowroński
717,[],pwpf45,66219,TEF Course Programming in WPF 4.5 - Trainer Daniel Skowroński
718,[],pwpf45,66220,TEF Course Programming in WPF 4.5 - Trainer Daniel Skowroński
719,[],pwpf45,66221,TEF Course Programming in WPF 4.5 - Trainer Daniel Skowroński
720,[],pwpf45,66222,TEF Course Programming in WPF 4.5 - Trainer Daniel Skowroński
721,[],pwpf45,66223,TEF Course Programming in WPF 4.5 - Trainer Daniel Skowroński
722,[],dpcs,66237,TEF Course Design Patterns in C# - Trainer Dr Phill Edwards
723,"[u'C-sharp', u'C#', u'Microsoft .NET', u'Programming']",pjcs,66242,Programming in C#
724,[u'Project'],66243,66243,Project Server
725,"[u'jBPM', u'Jboss Rules', u'JBoss', u'Drools']",droolsrlsadm,66247,Drools Rules Administration
726,[],gitusers,66252,TEF Course Git for Users - Trainer lsokolowski
727,[],debianadmin,66254,TEF Course Debian Administration - Trainer lwalec
728,[],debianadmin,66255,TEF Course Debian Administration - Trainer lwalec
729,"[u'PowerPoint', u'Soft Skills']",66256,66256,Presenting technical solutions to the world of non-engineers
730,[],gitusers,66268,TEF Course Git for Users - Trainer lsokolowski
731,"[u'Assertiveness', u'Soft Skills', u'Management']",66278,66278,Bezstresowe zarządzanie sobą w czasie - jak mieć zawsze określone cele i być efektywnym w ich realizacji.
732,[u'Soft Skills'],66279,66279,Rozmowa telefoniczna - szkolenie dla sprzedaży
733,[],umlad,66280,TEF Course UML Analysis and Design - Trainer fstachecki
734,"[u'Statistics', u'Executive Overview']",statdm,66290,Statistical Thinking for Decision Makers
735,[u'Android'],tapandroid,66293,Tworzenie aplikacji na platformie Android
736,[],29030,66296,TEF Course Train the trainers - trening kompetencji trenerskich - Trainer m_reszko
737,[],29030,66297,TEF Course Train the trainers - trening kompetencji trenerskich - Trainer m_reszko
738,[],29030,66298,TEF Course Train the trainers - trening kompetencji trenerskich - Trainer m_reszko
739,[],29030,66299,TEF Course Train the trainers - trening kompetencji trenerskich - Trainer m_reszko
740,[],29030,66300,TEF Course Train the trainers - trening kompetencji trenerskich - Trainer m_reszko
741,[],29030,66301,TEF Course Train the trainers - trening kompetencji trenerskich - Trainer m_reszko
742,[],29030,66302,TEF Course Train the trainers - trening kompetencji trenerskich - Trainer m_reszko
743,[],29030,66303,TEF Course Train the trainers - trening kompetencji trenerskich - Trainer m_reszko
744,[],frcr,66308,TEF Course Forecasting with R - Trainer Tomasz_Zajac
745,[],frcr,66310,TEF Course Forecasting with R - Trainer Tomasz_Zajac
746,[],scrumstep,66315,TEF Course Scrum - Step by Step - Trainer piotrnabielec
747,[],scrumstep,66316,TEF Course Scrum - Step by Step - Trainer piotrnabielec
748,[],scrumstep,66317,TEF Course Scrum - Step by Step - Trainer piotrnabielec
749,[],scrumstep,66318,TEF Course Scrum - Step by Step - Trainer piotrnabielec
750,[],scrumstep,66319,TEF Course Scrum - Step by Step - Trainer piotrnabielec
751,[],frcr,66320,TEF Course Forecasting with R - Trainer Tomasz_Zajac
752,[],scrumstep,66321,TEF Course Scrum - Step by Step - Trainer piotrnabielec
753,[],scrumstep,66322,TEF Course Scrum - Step by Step - Trainer piotrnabielec
754,[],scrumstep,66323,TEF Course Scrum - Step by Step - Trainer piotrnabielec
755,[],scrumstep,66324,TEF Course Scrum - Step by Step - Trainer piotrnabielec
756,[],frcr,66348,TEF Course Forecasting with R - Trainer Tomasz_Zajac
757,[],scrumstep,66349,TEF Course Scrum - Step by Step - Trainer piotrnabielec
758,[],pricestrat,66355,TEF Course A Practical Guide to Successful Pricing Strategies - Trainer P.Mayer
759,[],pricestrat,66356,TEF Course A Practical Guide to Successful Pricing Strategies - Trainer P.Mayer
760,[],pricestrat,66360,TEF Course A Practical Guide to Successful Pricing Strategies - Trainer P.Mayer
761,[],scrumstep,66361,TEF Course Scrum - Step by Step - Trainer piotrnabielec
762,[],pricestrat,66362,TEF Course A Practical Guide to Successful Pricing Strategies - Trainer P.Mayer
763,[],gitusers,66363,TEF Course Git for Users - Trainer lsokolowski
764,[],pricestrat,66364,TEF Course A Practical Guide to Successful Pricing Strategies - Trainer P.Mayer
765,[],agilescrum,66365,TEF Course Agile Project Management with Scrum - Trainer Daniel Skowroński
766,[],agilescrum,66366,TEF Course Agile Project Management with Scrum - Trainer Daniel Skowroński
767,[],agilescrum,66367,TEF Course Agile Project Management with Scrum - Trainer Daniel Skowroński
768,[],agilescrum,66368,TEF Course Agile Project Management with Scrum - Trainer Daniel Skowroński
769,[],agilescrum,66371,TEF Course Agile Project Management with Scrum - Trainer Daniel Skowroński
770,[],agilescrum,66373,TEF Course Agile Project Management with Scrum - Trainer Daniel Skowroński
771,[],agilescrum,66374,TEF Course Agile Project Management with Scrum - Trainer Daniel Skowroński
772,[],scrumstep,66378,TEF Course Scrum - Step by Step - Trainer piotrnabielec
773,[],agilescrum,66379,TEF Course Agile Project Management with Scrum - Trainer Daniel Skowroński
774,[],agilescrum,66380,TEF Course Agile Project Management with Scrum - Trainer Daniel Skowroński
775,[],agilescrum,66384,TEF Course Agile Project Management with Scrum - Trainer Daniel Skowroński
776,[],scrumstep,66404,TEF Course Scrum - Step by Step - Trainer piotrnabielec
777,[],pricestrat,66405,TEF Course A Practical Guide to Successful Pricing Strategies - Trainer P.Mayer
778,[],osqladv,66412,TEF Course Oracle SQL Advanced - Trainer spaszek
779,[],osqladv,66413,TEF Course Oracle SQL Advanced - Trainer spaszek
780,[],osqladv,66414,TEF Course Oracle SQL Advanced - Trainer spaszek
781,[],osqladv,66415,TEF Course Oracle SQL Advanced - Trainer spaszek
782,[],osqladv,66416,TEF Course Oracle SQL Advanced - Trainer spaszek
783,[],osqladv,66417,TEF Course Oracle SQL Advanced - Trainer spaszek
784,[],osqladv,66418,TEF Course Oracle SQL Advanced - Trainer spaszek
785,[u'Android'],66425,66425,Bespoke Android Development
786,[u'JavaScript'],66427,66427,Bespoke Javascript
787,[],765,66429,TEF Course Introduction to Six Sigma - Trainer klausk
788,[],765,66432,TEF Course Introduction to Six Sigma - Trainer klausk
789,[],excelstatsda,66436,TEF Course Excel For Statistical Data Analysis - Trainer malbiniak
790,"[u'MSSQL', u'Database', u'SQL']",66437,66437,Microsoft SQL Server 2008/2012 (MSSQL)
791,[],tapandroid,66439,TEF Course Tworzenie aplikacji na platformie Android - Trainer amencwal
792,[],tapandroid,66440,TEF Course Tworzenie aplikacji na platformie Android - Trainer amencwal
793,[],excelstatsda,66442,TEF Course Excel For Statistical Data Analysis - Trainer malbiniak
794,[],tapandroid,66443,TEF Course Tworzenie aplikacji na platformie Android - Trainer amencwal
795,[],drools6int,66444,TEF Course Introduction to Drools 6 for Developers - Trainer bszlachta
796,[],drools6int,66445,TEF Course Introduction to Drools 6 for Developers - Trainer bszlachta
797,[],drools6int,66450,TEF Course Introduction to Drools 6 for Developers - Trainer bszlachta
798,[],tapandroid,66464,TEF Course Tworzenie aplikacji na platformie Android - Trainer amencwal
799,[],mrkfct,66476,TEF Course Market Forecasting - Trainer Tomasz_Zajac
800,[],mrkfct,66477,TEF Course Market Forecasting - Trainer Tomasz_Zajac
801,[],mrkfct,66478,TEF Course Market Forecasting - Trainer Tomasz_Zajac
802,[],drools6int,66479,TEF Course Introduction to Drools 6 for Developers - Trainer bszlachta
803,[],23428,66510,TEF Course Access Intermediate - Trainer Darkirr
804,[],23428,66511,TEF Course Access Intermediate - Trainer Darkirr
805,[],23428,66512,TEF Course Access Intermediate - Trainer Darkirr
806,[],23428,66513,TEF Course Access Intermediate - Trainer Darkirr
807,[],23428,66514,TEF Course Access Intermediate - Trainer Darkirr
808,[],23428,66515,TEF Course Access Intermediate - Trainer Darkirr
809,[],23428,66516,TEF Course Access Intermediate - Trainer Darkirr
810,[],23428,66517,TEF Course Access Intermediate - Trainer Darkirr
811,[],23428,66518,TEF Course Access Intermediate - Trainer Darkirr
812,[],gitusers,66527,TEF Course Git for Users - Trainer lsokolowski
813,[],gitusers,66528,TEF Course Git for Users - Trainer lsokolowski
814,[],3034,66529,TEF Course Excel Advanced - Trainer kbaran
815,[],3034,66530,TEF Course Excel Advanced - Trainer kbaran
816,[],3034,66531,TEF Course Excel Advanced - Trainer kbaran
817,[],3034,66532,TEF Course Excel Advanced - Trainer kbaran
818,[],3034,66533,TEF Course Excel Advanced - Trainer kbaran
819,[],3034,66534,TEF Course Excel Advanced - Trainer kbaran
820,[],3034,66535,TEF Course Excel Advanced - Trainer kbaran
821,[],3034,66536,TEF Course Excel Advanced - Trainer kbaran
822,"[u'Finance', u'Big Data', u'Microsoft .NET', u'Programming']",pjfs,66537,Programowanie w języku F#
823,[u'Oracle'],66538,66538,Build applications with Oracle Application Express (APEX)
824,[],3034,66540,TEF Course Excel Advanced - Trainer kbaran
825,[],66538,66541,TEF Course Build applications with Oracle Application Express (APEX) - Trainer mmasewicz
826,[],66538,66542,TEF Course Build applications with Oracle Application Express (APEX) - Trainer mmasewicz
827,[],vbaexcel,66545,TEF Course Visual Basic for Applications (VBA) in Excel -  Introduction to programming - Trainer pstarosta
828,[],vbaexcel,66546,TEF Course Visual Basic for Applications (VBA) in Excel -  Introduction to programming - Trainer pstarosta
829,[],vbaexcel,66547,TEF Course Visual Basic for Applications (VBA) in Excel -  Introduction to programming - Trainer pstarosta
830,[],vbaexcel,66548,TEF Course Visual Basic for Applications (VBA) in Excel -  Introduction to programming - Trainer pstarosta
831,[],vbaexcel,66549,TEF Course Visual Basic for Applications (VBA) in Excel -  Introduction to programming - Trainer pstarosta
832,[],vbaexcel,66550,TEF Course Visual Basic for Applications (VBA) in Excel -  Introduction to programming - Trainer pstarosta
833,[],symfewf,66551,TEF Course Symfony2 - enterprise web framework - Trainer lalbrzykowski
834,[],symfewf,66552,TEF Course Symfony2 - enterprise web framework - Trainer lalbrzykowski
835,[],symfewf,66553,TEF Course Symfony2 - enterprise web framework - Trainer lalbrzykowski
836,[],symfewf,66554,TEF Course Symfony2 - enterprise web framework - Trainer lalbrzykowski
837,[],symfewf,66555,TEF Course Symfony2 - enterprise web framework - Trainer lalbrzykowski
838,[],symfewf,66556,TEF Course Symfony2 - enterprise web framework - Trainer lalbrzykowski
839,[],symfewf,66557,TEF Course Symfony2 - enterprise web framework - Trainer lalbrzykowski
840,[],symfewf,66558,TEF Course Symfony2 - enterprise web framework - Trainer lalbrzykowski
841,[],3034,66559,TEF Course Excel Advanced - Trainer kbaran
842,[],javaeejboss,66560,TEF Course Enterprise Java Programming with Java EE and JBoss (EJB 3.0) - Trainer malbiniak
843,[],javaeejboss,66561,TEF Course Enterprise Java Programming with Java EE and JBoss (EJB 3.0) - Trainer malbiniak
844,[],javaeejboss,66562,TEF Course Enterprise Java Programming with Java EE and JBoss (EJB 3.0) - Trainer malbiniak
845,[],msproj1,66563,TEF Course Project Management with Microsoft Project - Trainer omid-kk
846,[],msproj1,66566,TEF Course Project Management with Microsoft Project - Trainer omid-kk
847,[],msproj1,66567,TEF Course Project Management with Microsoft Project - Trainer omid-kk
848,[],3041,66568,TEF Course Access Advanced - Trainer kbaran
849,[],3034,66569,TEF Course Excel Advanced - Trainer Darkirr
850,[],3034,66570,TEF Course Excel Advanced - Trainer Darkirr
851,[],3034,66571,TEF Course Excel Advanced - Trainer Darkirr
852,[],3034,66572,TEF Course Excel Advanced - Trainer Darkirr
853,[],3034,66573,TEF Course Excel Advanced - Trainer Darkirr
854,[],3034,66574,TEF Course Excel Advanced - Trainer Darkirr
855,[],3034,66575,TEF Course Excel Advanced - Trainer Darkirr
856,[],3034,66576,TEF Course Excel Advanced - Trainer Darkirr
857,[],3034,66577,TEF Course Excel Advanced - Trainer Darkirr
858,[],3034,66578,TEF Course Excel Advanced - Trainer Darkirr
859,[],3041,66580,TEF Course Access Advanced - Trainer kbaran
860,[],3041,66581,TEF Course Access Advanced - Trainer kbaran
861,[],3041,66582,TEF Course Access Advanced - Trainer kbaran
862,[],3041,66583,TEF Course Access Advanced - Trainer kbaran
863,[],3041,66584,TEF Course Access Advanced - Trainer kbaran
864,[],3041,66585,TEF Course Access Advanced - Trainer kbaran
865,[],msproj1,66586,TEF Course Project Management with Microsoft Project - Trainer omid-kk
866,[],msproj1,66590,TEF Course Project Management with Microsoft Project - Trainer omid-kk
867,[],vbaexcel,66591,TEF Course Visual Basic for Applications (VBA) in Excel -  Introduction to programming - Trainer pstarosta
868,[],vbaexcel,66592,TEF Course Visual Basic for Applications (VBA) in Excel -  Introduction to programming - Trainer pstarosta
869,[],vbaexcel,66593,TEF Course Visual Basic for Applications (VBA) in Excel -  Introduction to programming - Trainer pstarosta
870,[],vbaexcel,66594,TEF Course Visual Basic for Applications (VBA) in Excel -  Introduction to programming - Trainer pstarosta
871,[],vbaexceladv,66595,TEF Course Visual Basic for Applications (VBA) in Excel - Advanced - Trainer kbaran
872,[],vbaexceladv,66596,TEF Course Visual Basic for Applications (VBA) in Excel - Advanced - Trainer kbaran
873,[],vbaexceladv,67358,TEF Course Visual Basic for Applications (VBA) in Excel - Advanced - Trainer kbaran
874,[],3041,67359,TEF Course Access Advanced - Trainer kbaran
875,[],oceb2f100,67368,TEF Course OCEB2 OMG Certified Expert in BPM - Fundamental Exam Preparation - Trainer fstachecki
876,[],oceb2f100,67369,TEF Course OCEB2 OMG Certified Expert in BPM - Fundamental Exam Preparation - Trainer fstachecki
877,[],osqlbgn,67370,TEF Course Oracle SQL for beginners - Trainer pszlachta
878,[],osqlbgn,67371,TEF Course Oracle SQL for beginners - Trainer pszlachta
879,[],oceb2f100,67377,TEF Course OCEB2 OMG Certified Expert in BPM - Fundamental Exam Preparation - Trainer fstachecki
880,[],vbaexceladv,67378,TEF Course Visual Basic for Applications (VBA) in Excel - Advanced - Trainer kbaran
881,[],vbaexceladv,67379,TEF Course Visual Basic for Applications (VBA) in Excel - Advanced - Trainer kbaran
882,[],vbaexceladv,67380,TEF Course Visual Basic for Applications (VBA) in Excel - Advanced - Trainer kbaran
883,[],vbaexceladv,67381,TEF Course Visual Basic for Applications (VBA) in Excel - Advanced - Trainer kbaran
884,[],vbaexceladv,67382,TEF Course Visual Basic for Applications (VBA) in Excel - Advanced - Trainer kbaran
885,[],vbaexceladv,67383,TEF Course Visual Basic for Applications (VBA) in Excel - Advanced - Trainer kbaran
886,[],vbaexceladv,67384,TEF Course Visual Basic for Applications (VBA) in Excel - Advanced - Trainer kbaran
887,[],3134,67399,TEF Course Oracle Application Express Introduction - Trainer hzrobert
888,[],solrfts,67400,TEF Course Apache Solr - Full-Text Search Server - Trainer Fulvio
889,[],solrfts,67401,TEF Course Apache Solr - Full-Text Search Server - Trainer Fulvio
890,[],jmeterfun,67403,TEF Course JMeter Fundamentals - Trainer lwalec
891,[],jsajax,67404,TEF Course Javascript And Ajax - Trainer birmo
892,[],jsajax,67405,TEF Course Javascript And Ajax - Trainer birmo
893,[],scrummanexec,67406,TEF Course Scrum for Managers and Executives - Trainer Daniel Skowroński
894,[],jmeterfun,67407,TEF Course JMeter Fundamentals - Trainer lwalec
895,[],pythonprog,67408,TEF Course Python Programming - Trainer tomasz.puton
896,[],jmeterfun,67409,TEF Course JMeter Fundamentals - Trainer lwalec
897,[],3134,67410,TEF Course Oracle Application Express Introduction - Trainer hzrobert
898,[],jmeterfun,67411,TEF Course JMeter Fundamentals - Trainer lwalec
899,[],jsajax,67412,TEF Course Javascript And Ajax - Trainer birmo
900,[],javaappsh,67414,TEF Course Spring and Hibernate in Java Applications - Trainer michal.waciega
901,[],javaappsh,67415,TEF Course Spring and Hibernate in Java Applications - Trainer michal.waciega
902,[],javaappsh,67416,TEF Course Spring and Hibernate in Java Applications - Trainer michal.waciega
903,"[u'Predictive Analytics', u'Data Mining', u'Big Data', u'Neural Networks', u'Executive Overview']",d2dbdpa,67417,From Data to Decision with Big Data and Predictive Analytics
904,[],jsajax,67425,TEF Course Javascript And Ajax - Trainer birmo
905,[],pythonprog,67435,TEF Course Python Programming - Trainer tomasz.puton
906,[],3034,67445,TEF Course Excel Advanced - Trainer Darkirr
907,[],3034,67446,TEF Course Excel Advanced - Trainer Darkirr
908,[],3034,67447,TEF Course Excel Advanced - Trainer Darkirr
909,[],3034,67448,TEF Course Excel Advanced - Trainer Darkirr
910,[],3034,67449,TEF Course Excel Advanced - Trainer Darkirr
911,[],3034,67450,TEF Course Excel Advanced - Trainer Darkirr
912,[],3034,67451,TEF Course Excel Advanced - Trainer Darkirr
913,[],3034,67452,TEF Course Excel Advanced - Trainer Darkirr
914,[],3034,67453,TEF Course Excel Advanced - Trainer Darkirr
915,[],3034,67454,TEF Course Excel Advanced - Trainer Darkirr
916,[],excelstatsda,67466,TEF Course Excel For Statistical Data Analysis - Trainer Paweł Kolski
917,[],excelstatsda,67467,TEF Course Excel For Statistical Data Analysis - Trainer Paweł Kolski
918,[],excelstatsda,67468,TEF Course Excel For Statistical Data Analysis - Trainer Paweł Kolski
919,[],excelstatsda,67469,TEF Course Excel For Statistical Data Analysis - Trainer Paweł Kolski
920,[],excelstatsda,67470,TEF Course Excel For Statistical Data Analysis - Trainer Paweł Kolski
921,[],excelstatsda,67471,TEF Course Excel For Statistical Data Analysis - Trainer Paweł Kolski
922,[],excelstatsda,67472,TEF Course Excel For Statistical Data Analysis - Trainer Paweł Kolski
923,[],mrkfct,67473,TEF Course Market Forecasting - Trainer Tomasz_Zajac
924,[],dsgpatphp,67474,TEF Course Design Patterns in PHP - Trainer lalbrzykowski
925,[],dsgpatphp,67475,TEF Course Design Patterns in PHP - Trainer lalbrzykowski
926,[],dsgpatphp,67476,TEF Course Design Patterns in PHP - Trainer lalbrzykowski
927,[],umlad,67477,TEF Course UML Analysis and Design - Trainer fstachecki
928,[],umlad,67478,TEF Course UML Analysis and Design - Trainer fstachecki
929,[],osqlbgn,67481,TEF Course Oracle SQL for beginners - Trainer pszlachta
930,[],osqlbgn,67501,TEF Course Oracle SQL for beginners - Trainer pszlachta
931,[],TesAutSel,67505,TEF Course Test Automation with Selenium - Trainer lwalec
932,[],TesAutSel,67506,TEF Course Test Automation with Selenium - Trainer lwalec
933,[],TesAutSel,67507,TEF Course Test Automation with Selenium - Trainer lwalec
934,[],TesAutSel,67508,TEF Course Test Automation with Selenium - Trainer lwalec
935,[],TesAutSel,67509,TEF Course Test Automation with Selenium - Trainer lwalec
936,[],TesAutSel,67510,TEF Course Test Automation with Selenium - Trainer lwalec
937,[],TesAutSel,67511,TEF Course Test Automation with Selenium - Trainer lwalec
938,[],TesAutSel,67517,TEF Course Test Automation with Selenium - Trainer lwalec
939,[],excelvbai,67518,TEF Course Excel VBA Introduction - Trainer philisham
940,[],practest,67519,TEF Course Praktyka testowania - Trainer bogdanbereza
941,[],practest,67520,TEF Course Praktyka testowania - Trainer bogdanbereza
942,[],TesAutSel,67521,TEF Course Test Automation with Selenium - Trainer lwalec
943,[],TesAutSel,67524,TEF Course Test Automation with Selenium - Trainer lwalec
944,[u'Cisco Security'],67525,67525,Cisco Unified Wireless Network (CUWN)
945,[],vbaexcel,67526,TEF Course Visual Basic for Applications (VBA) in Excel -  Introduction to programming - Trainer pstarosta
946,[],vbaexcel,67527,TEF Course Visual Basic for Applications (VBA) in Excel -  Introduction to programming - Trainer pstarosta
947,[],symfewf,67528,TEF Course Symfony2 - enterprise web framework - Trainer lalbrzykowski
948,[],symfewf,67529,TEF Course Symfony2 - enterprise web framework - Trainer lalbrzykowski
949,[],symfewf,67530,TEF Course Symfony2 - enterprise web framework - Trainer lalbrzykowski
950,[],vbaexcel,67531,TEF Course Visual Basic for Applications (VBA) in Excel -  Introduction to programming - Trainer pstarosta
951,[],symfewf,67532,TEF Course Symfony2 - enterprise web framework - Trainer lalbrzykowski
952,[],symfewf,67533,TEF Course Symfony2 - enterprise web framework - Trainer lalbrzykowski
953,[],symfewf,67534,TEF Course Symfony2 - enterprise web framework - Trainer lalbrzykowski
954,[],symfewf,67535,TEF Course Symfony2 - enterprise web framework - Trainer lalbrzykowski
955,[],TesAutSel,67538,TEF Course Test Automation with Selenium - Trainer lwalec
956,[],TesAutSel,67540,TEF Course Test Automation with Selenium - Trainer lwalec
957,[],bldrools,67541,TEF Course Managing Business Logic with Drools - Trainer bszlachta
958,"[u'Drools', u'Artificial Intelligence', u'OptaPlanner']",optaprac,67542,OptaPlanner in Practice
959,"[u'Ruby', u'PHP', u'Programming', u'JavaScript', u'Java', u'Information System Security']",bappint,67552,Bezpieczeństwo aplikacji internetowych
960,[],TesAutSel,67555,TEF Course Test Automation with Selenium - Trainer lwalec
961,[],TesAutSel,67556,TEF Course Test Automation with Selenium - Trainer lwalec
962,[],vbaexcel,67558,TEF Course Visual Basic for Applications (VBA) in Excel -  Introduction to programming - Trainer gpruszczynski
963,[],vbaexcel,67559,TEF Course Visual Basic for Applications (VBA) in Excel -  Introduction to programming - Trainer gpruszczynski
964,[],vbaexcel,67560,TEF Course Visual Basic for Applications (VBA) in Excel -  Introduction to programming - Trainer gpruszczynski
965,[],vbaexcel,67561,TEF Course Visual Basic for Applications (VBA) in Excel -  Introduction to programming - Trainer gpruszczynski
966,[],vbaexcel,67562,TEF Course Visual Basic for Applications (VBA) in Excel -  Introduction to programming - Trainer gpruszczynski
967,[],vbaexcel,67563,TEF Course Visual Basic for Applications (VBA) in Excel -  Introduction to programming - Trainer gpruszczynski
968,[],vbaexcel,67564,TEF Course Visual Basic for Applications (VBA) in Excel -  Introduction to programming - Trainer gpruszczynski
969,[],3164,67565,TEF Course Visual Basic for Applications (VBA) for Analysts - Trainer Darkirr
970,[],3164,67566,TEF Course Visual Basic for Applications (VBA) for Analysts - Trainer Darkirr
971,[],3164,67567,TEF Course Visual Basic for Applications (VBA) for Analysts - Trainer Darkirr
972,[],3164,67568,TEF Course Visual Basic for Applications (VBA) for Analysts - Trainer Darkirr
973,[],3164,67569,TEF Course Visual Basic for Applications (VBA) for Analysts - Trainer Darkirr
974,[],3164,67570,TEF Course Visual Basic for Applications (VBA) for Analysts - Trainer Darkirr
975,[],3164,67571,TEF Course Visual Basic for Applications (VBA) for Analysts - Trainer Darkirr
976,[],3164,67572,TEF Course Visual Basic for Applications (VBA) for Analysts - Trainer Darkirr
977,[],jmeterfun,67584,TEF Course JMeter Fundamentals - Trainer lwalec
978,[],pcvs2012,67585,TEF Course Programming in C# 5.0 with Visual Studio 2012 - Trainer pstarosta
979,[],pcvs2012,67586,TEF Course Programming in C# 5.0 with Visual Studio 2012 - Trainer pstarosta
980,[],pcvs2012,67587,TEF Course Programming in C# 5.0 with Visual Studio 2012 - Trainer pstarosta
981,[],TesAutSel,67588,TEF Course Test Automation with Selenium - Trainer lwalec
982,[],ooprog,67589,TEF Course Object-oriented programming - Trainer lalbrzykowski
983,[],ooprog,67590,TEF Course Object-oriented programming - Trainer lalbrzykowski
984,[],ooprog,67591,TEF Course Object-oriented programming - Trainer lalbrzykowski
985,"[u'MSSQL', u'SQL']",67592,67592,SQL Server 2008 Administration
986,[],excelstatsda,67593,TEF Course Excel For Statistical Data Analysis - Trainer malbiniak
987,[],mrkfct,67594,TEF Course Market Forecasting - Trainer Tomasz_Zajac
988,[u'MATLAB'],ecmloct,67597,Evolutionary computation with MATLAB/OCTAVE
989,[],msdxml,67598,TEF Course Modelowanie struktury dokumentu XML - Trainer Michał Materny
990,[],excelstatsda,67601,TEF Course Excel For Statistical Data Analysis - Trainer malbiniak
991,"[u'Database', u'Oracle', u'SQL']",osqlint,67603,Oracle SQL Intermediate
992,[],vbaexceladv,67604,TEF Course Visual Basic for Applications (VBA) in Excel - Advanced - Trainer kbaran
993,[],vbaexcel,67605,TEF Course Visual Basic for Applications (VBA) in Excel -  Introduction to programming - Trainer gpruszczynski
994,[],traintrainer,67606,TEF Course Train-the-Trainer - Trainer mkasprzyk
995,[],vbaexceladv,67607,TEF Course Visual Basic for Applications (VBA) in Excel - Advanced - Trainer kbaran
996,[],vbaexcel,67608,TEF Course Visual Basic for Applications (VBA) in Excel -  Introduction to programming - Trainer gpruszczynski
997,[],traintrainer,67609,TEF Course Train-the-Trainer - Trainer mkasprzyk
998,[],vbaexcel,67610,TEF Course Visual Basic for Applications (VBA) in Excel -  Introduction to programming - Trainer gpruszczynski
999,[],traintrainer,67611,TEF Course Train-the-Trainer - Trainer mkasprzyk
